,Product_ID,Review_ID,Sentence_ID,Sentence,Clean_Sentences,Frequent_Features,Opinion Words,Infrequent_Features,Ground_Truth_Scores
0,1.0,1.0,1.0,"I have read the installation instructions for both NIS 2004 and NAV 2004 prior to installation, but still ended up with the same result...junk software.",read instal instruct nis nav prior instal end result junk softwar,"['software', 'nis', 'instructions', 'installation']",{'prior'},['prior installation'],"(-3,)"
1,1.0,1.0,2.0,Why is it that I can install any other type of software and it installs and works properly?,whi instal ani type softwar instal work proper,"['work', 'software', 'installation']",set(),[],"(0,)"
2,1.0,1.0,3.0,"But if I installed either one of these Norton products, neither works after installation?",instal norton product work instal,"['norton product', 'work', 'product', 'norton', 'installation']",set(),['norton products'],"(-3,)"
3,1.0,1.0,4.0,"It can not be the computer or the owner, since I purchased McAfee Anti-Virus 8 and it installs and works fine with no problems.",not_b comput owner sinc purchas mcafe anti virus instal work fine not_problem,"['work', 'virus', 'mcafee', 'installation', 'computer']",{'fine'},['fine not_problems'],"(2,)"
4,1.0,1.0,5.0,"I have used Norton for the past 5 years and for the last 2 years, the software has gotten more and more disgraceful.",use norton past year year softwar gotten disgrac,"['software', 'past', 'norton']",{'disgraceful'},['past software'],"(-2,)"
5,1.0,1.0,6.0,I am glad that I do not work for Norton.,glad not_work norton,['norton'],{'glad'},[],"(-2,)"
6,1.0,2.0,7.0,I have used Norton products in the past and I am familiar with them.,use norton product past familiar,"['product past', 'norton product', 'product', 'past', 'norton']",{'familiar'},['norton products'],"(0,)"
7,1.0,2.0,8.0,I bought NIS 2004 recently to try it out.,bought nis recent tri,['nis'],set(),[],"(0,)"
8,1.0,2.0,9.0,"After 4 attempted installs, I have finally given up.",attempt instal final given,['installation'],set(),[],"(-2,)"
9,1.0,2.0,10.0,"I am thankful that I have Roxio GOBACK, I had to use it 3 of the 4 times.",thank roxio goback use time,['time'],set(),[],"(0,)"
10,1.0,2.0,11.0,"During install, NIS would either freeze or not reboot properly when asked to do so.",dure instal nis freez not_reboot proper ask,"['nis', 'installation']",set(),[],"(-2,)"
11,1.0,2.0,12.0,"The MS scandisk would appear due to manual shutdown and would only scan to the 2nd bar, over and over(up to 1 hr, I then shut it down and used GOBACK).",ms scandisk appear manual shutdown onli scan 2nd bar over(up hr shut use goback,[],set(),[],"(-2,)"
12,1.0,2.0,13.0,"The 1 time it did install, it did not work and had errors, I used the unistall NIS icon and it properly removed itself.",time instal not_work error use unistal nis icon proper remov,"['time', 'nis', 'installation', 'error']",set(),[],"(-3, 2)"
13,1.0,2.0,14.0,I have never had this problem with any other software on my computer.,not_had problem ani softwar comput,"['problems software', 'software computer', 'problems computer', 'software', 'problems', 'computer']",set(),[],"(-3,)"
14,1.0,2.0,15.0,NIS 2003 worked like a charm last year.,nis work like charm year,"['work', 'nis']",set(),[],"(2,)"
15,1.0,2.0,16.0,"Being a past Norton customer, I consider this to be a slap to my face.",past norton custom consid slap face,"['past', 'norton', 'customer']",set(),[],"(-3,)"
16,1.0,2.0,17.0,Buying software that can not be installed normally and being put into the position of having a non-working computer.,buy softwar not_b instal normal posit non work comput,"['software computer', 'work', 'software', 'installation', 'computer']",set(),[],"(-2,)"
17,1.0,2.0,18.0,"Norton has been on a downhill slid recently with their products, but with this one, they have fallen off the cliff.",norton downhil slid recent product fallen cliff,"['norton product', 'product', 'norton']",set(),[],"(-3,)"
18,1.0,3.0,19.0,"As a loyal customer of Norton/Symantec products, I purchased Internet Security 2004 as a software firewall and could not be any more dissatisfied with the product (and hence the one star rating).",loyal custom norton symantec product purchas internet secur softwar firewal not_b ani dissatisfi product henc star rate,"['norton internet security', 'security software', 'norton security', 'norton product', 'software internet', 'internet security', 'norton internet', 'firewall security', 'firewall internet', 'symantec', 'stars', 'software', 'security', 'product', 'norton', 'internet', 'firewall', 'customer']","{'loyal', 'dissatisfied'}","['symantec products', 'dissatisfied rating', 'norton products']","(-3,)"
19,1.0,3.0,20.0,Here's why:,whi,[],set(),[],"(0,)"
20,1.0,4.0,21.0,Yeah - this program protects your computer all right - by locking you off the internet.,yeah program protect comput right lock internet,"['internet program', 'computer program', 'program', 'internet', 'computer']",set(),[],"(-3,)"
21,1.0,4.0,22.0,Anti-Spam is Good,anti spam good,[],set(),[],"(0,)"
22,1.0,4.0,23.0,The latest of Internet Security has antispam function that is helpful because I has received a mountain of those these days.,latest internet secur antispam function help becaus receiv mountain day,"['internet security', 'security', 'internet', 'help', 'antispam']","{'helpful', 'latest'}","['helpful function', 'latest function']","(0,)"
23,1.0,4.0,24.0,Other than that it is all the same except the new updates.,new updat,['updates'],set(),[],"(-2,)"
24,1.0,4.0,25.0,But that is good for me because Symantec softwares are a bit hard to master for me who are not savvy on computers.,good becaus symantec softwar bit hard master not_savvi comput,"['software computer', 'symantec', 'software', 'computer']","{'good', 'hard'}",['symantec softwares'],"(2,)"
25,1.0,4.0,26.0,So far I haven't had so much complaints except that I still haven't mastered how to scandisk when using Internet Security.,far not_had complaint not_mast scandisk use internet secur,"['internet security', 'security', 'internet']",set(),[],"(-1,)"
26,1.0,5.0,27.0,Too bad the product is cumbersome and intertwined trying to do so much at one time.,bad product cumbersom intertwin tri time,"['time', 'product']","{'cumbersome', 'bad'}",[],"(-2,)"
27,1.0,5.0,28.0,Sometimes a suite is not a good deal and all you get is a bundle of headaches.,sometim suit not_a good deal bundl headach,[],set(),[],"(-2,)"
28,1.0,6.0,29.0,"I'm not sure why all the bad reviews, my computer isn't especially slowed down and I have Win'98.",m not_sur whi bad review comput not_especi slow win'98,"['reviews', 'computer']",set(),[],"(1,)"
29,1.0,6.0,30.0,"Sure, it slows it down a little, but that's expected.",sure slow littl expect,[],set(),[],"(1,)"
30,1.0,6.0,31.0,"Perhaps Semantic could work out the efficiency a little, but these reviews are highly exagerated... I would ask what else these people are running on their computers(?)",perhap semant work effici littl review high exager ask els peopl run comput,"['work', 'reviews', 'people', 'computer']","{'little', 'semantic'}",['semantic efficiency'],"(1,)"
31,1.0,6.0,32.0,I would ask what else these people are running on their computers(?),ask els peopl run comput,"['people', 'computer']",set(),[],"(0,)"
32,1.0,6.0,33.0,"So, if you have a fairly fast computer (1 gig or better) with plenty of ram (512) and your not gaming online or running streaming video continually, you should be fine.",fair fast comput gig better plenti ram not_gam onlin run stream video continu fine,['computer'],set(),[],"(0,)"
33,1.0,6.0,34.0,"This is pretty standard for an up to date computer anymore, so what's the fuss?",pretti standard date comput anymor fuss,['computer'],set(),[],"(0,)"
34,1.0,7.0,35.0,I've been using Norton Anti-Virus in its many incarnations for over 5 years.,ve use norton anti virus mani incarn year,"['virus', 'norton']",set(),[],"(0,)"
35,1.0,7.0,36.0,Norton Internet Security 2004 is one of the more buggy implementations.,norton internet secur buggi implement,"['norton internet security', 'norton security', 'internet security', 'norton internet', 'security', 'norton', 'internet']",set(),[],"(-2,)"
36,1.0,7.0,37.0,Even for computer super-heros it's a pain to maintain when there is a problem.,comput super hero pain maintain problem,"['problems computer', 'problems', 'computer']",{'super'},['super pain'],"(0,)"
37,1.0,8.0,38.0,I also reviewed Norton System Works 2004/Professional.,review norton system work profession,"['work', 'system', 'reviews', 'norton']",{'professional'},['norton system'],"(0,)"
38,1.0,8.0,39.0,This product has virtually all the same installation problems.,product virtual instal problem,"['installation problems', 'product', 'problems', 'installation']",set(),[],"(-2,)"
39,1.0,8.0,40.0,"For purposes of clarity, here is my review from that product,edited to be appropriate for this product, since, for the most part, they share many of the same problems.",purpos clariti review product edit appropri product sinc share mani problem,"['reviews', 'product', 'problems', 'edition']",{'appropriate'},['appropriate problems'],"(-1,)"
40,1.0,8.0,41.0,"Something happened with this release for Norton System Works (2004) and for ""Internet Security 2004"".",someth happen releas norton system work internet secur,"['norton internet security', 'security system', 'norton security', 'internet security', 'norton internet', 'work', 'system', 'security', 'norton', 'internet']",set(),['norton system'],"(0,)"
41,1.0,8.0,42.0,This is the fourth version of SystemWorks and the second version of Internet Security that I have used and it has always been a favorite.,fourth version systemwork second version internet secur use alway favorit,"['systemworks internet security', 'versions security', 'systemworks security', 'versions internet', 'systemworks internet', 'internet security', 'versions', 'systemworks', 'security', 'internet']","{'fourth', 'second'}",['second version'],"(3, 3)"
42,1.0,8.0,43.0,"It has saved my system on more than one occasion, and makes disc clean up a snap.",save system occas disc clean snap,['system'],{'clean'},['clean snap'],"(0,)"
43,1.0,8.0,44.0,"The antivirus feature is phenomenal, and is regularly updated.",antivirus featur phenomen regular updat,"['updates', 'feature', 'antivirus']",{'phenomenal'},[],"(0,)"
44,1.0,8.0,45.0,"I think their antivirus software was one of, if not the best, on the",think antivirus softwar not_th best,"['software', 'antivirus']",set(),[],"(0,)"
45,1.0,8.0,46.0,"Well, no more.",not_mor,[],set(),[],"(0,)"
46,1.0,8.0,47.0,"This version of Internet Security 2004, is beyond hope.",version internet secur hope,"['versions security', 'versions internet', 'internet security', 'versions', 'security', 'internet']",set(),[],"(-3,)"
47,1.0,8.0,48.0,"They are a royal pain to install, and don't function properly once finally installed -- if you can install them at all.",royal pain instal not_funct proper onc final instal instal,['installation'],set(),[],"(-3, -2)"
48,1.0,8.0,49.0,The biggest problem is the installation.,biggest problem instal,"['installation problems', 'problems', 'installation']",{'biggest'},['biggest installation'],"(-3,)"
49,1.0,8.0,50.0,"Also if you do manage to get it installed, any problems with LiveUpdate or with System Works will also affect the functionality and/or the process of updating Internet Security.",manag instal ani problem liveupd system work affect function and/or process updat internet secur,"['security system', 'work problems', 'internet security', 'installation problems', 'work', 'updates', 'system', 'security', 'process', 'problems', 'internet', 'installation']",set(),[],"(-2, -1, -1, -1)"
50,1.0,8.0,51.0,"I've had to install and uninstall them four or five times so far, and I've not to get either product working properly.",ve instal uninstal time far ve not_to product work proper,"['work', 'time', 'product', 'installation']",{'uninstall'},['uninstall times'],"(-3,)"
51,1.0,8.0,52.0,Why they brought this to market is beyond me.,whi brought market,[],set(),[],"(0,)"
52,1.0,8.0,53.0,"First, it serious, serious installation problems.",instal problem,"['installation problems', 'problems', 'installation']",set(),[],"(-3,)"
53,1.0,8.0,54.0,"Back in May 2004, when I first reviewed this, it had taken me over 16 hours to install and run.",review taken hour instal run,"['reviews', 'installation', 'hours']",set(),[],"(-3,)"
54,1.0,8.0,55.0,"Since then, I have had one problem after another.",sinc problem anoth,['problems'],set(),[],"(0,)"
55,1.0,8.0,56.0,"To say that it is ""buggy"" would be the world's most profound understatement.",buggi world profound understat,[],set(),[],"(0,)"
56,1.0,8.0,57.0,"Almost from the beginning, LiveUpdate would not function.",begin liveupd not_funct,[],set(),[],"(-2,)"
57,1.0,8.0,58.0,"First, it failed whenever connecting to get updates.",fail whenev connect updat,['updates'],set(),[],"(-2,)"
58,1.0,8.0,59.0,"When I finally got it working, it only worked properly for many a month.",final got work onli work proper mani month,"['work', 'months']",set(),[],"(-2,)"
59,1.0,8.0,60.0,"The next problem was that it didn't recognize all the installed components, so it would not update them, most notably and importantly, virus definitions.",problem not_recogn instal compon not_upd notabl import virus definit,"['problems virus', 'installation problems', 'virus definitions', 'virus', 'problems', 'installation', 'definitions', 'components']",set(),[],"(-2,)"
60,1.0,8.0,61.0,"Without this important feature, both SystemWorks and Internet Security are all but useless.",import featur systemwork internet secur useless,"['systemworks internet security', 'systemworks security', 'systemworks internet', 'internet security', 'systemworks', 'security', 'internet', 'feature']","{'important', 'useless'}",[],"(0,)"
61,1.0,8.0,62.0,"Without updated virus definiations, your PC is also at serious risk!",updat virus defini pc risk,"['virus', 'updates', 'pc']",set(),[],"(0,)"
62,1.0,8.0,63.0,"Once installed, however, some of the functions do work OK (Disk Doctor, One Button Checkup, and WinDoctor).",onc instal howev function work ok disk doctor button checkup windoctor,"['work', 'installation']",{'ok'},['ok button'],"(1,)"
63,1.0,8.0,64.0,"These tasks are faster and easier than in prior versions, and I found the menu to be much more navigable.",task faster easier prior version found menu navig,['versions'],set(),[],"(1, 2)"
64,1.0,8.0,65.0,"But this doesn't make up for it's innumerable other short-comings, the biggest of which is the inability to download any updates due to problems with LiveUpdate.",doe not_mak innumer short come biggest inabl download ani updat problem liveupd,"['updates', 'problems']",set(),[],"(-2,)"
65,1.0,8.0,66.0,The other annoyance with this that you have to remove every single remnant of previous version of Norton SystemWorks before you installs this.,annoy remov everi singl remnant previous version norton systemwork befor instal,"['versions norton', 'versions', 'systemworks', 'norton', 'installation']","{'single', 'previous', 'remnant'}",['previous version'],"(-2,)"
66,1.0,8.0,67.0,"Warning! The Windows ""remove program"" feature does not do a good job of this, and neither does Norton's own removal program.",warn window remov program featur doe not_do good job doe norton remov program,"['program norton', 'windows', 'program', 'norton', 'feature']",{'good'},['good job'],"(-2,)"
67,1.0,8.0,68.0,"A lot of ""fragments"" were left in the Registry, and it the Norton system folders.",lot fragment left registri norton system folder,"['system', 'registry', 'norton', 'lot', 'folder']",set(),['norton system'],"(-2,)"
68,1.0,8.0,69.0,"Their website had a download that helped remove those, although I had to manually remove a good number of files from the ""Programs"" directory.",websit download help remov manual remov good number file program directori,"['website', 'program', 'number', 'help', 'files']",{'good'},['good files'],"(1,)"
69,1.0,8.0,70.0,"If you have an older version of ""Internet Security"" installed, you may also need to remove it as well before proceeding with SystemWorks install.",older version internet secur instal need remov befor proceed systemwork instal,"['systemworks internet security', 'versions security', 'systemworks security', 'versions internet', 'systemworks internet', 'internet security', 'versions', 'systemworks', 'security', 'internet', 'installation']",{'older'},['older security'],"(-3,)"
70,1.0,8.0,71.0,You also need to go in and MANUALLY remove many Symantec files from the REGISTRY.,need manual remov mani symantec file registri,"['symantec', 'registry', 'files']",set(),['symantec files'],"(-2,)"
71,1.0,8.0,72.0,(Intructions for doing so are on Symantecs website.),intruct symantec websit,"['website', 'symantec']",set(),[],"(0,)"
72,1.0,8.0,73.0,"Even this, however, did not solve my problems.",howev not_solv problem,['problems'],set(),[],"(0,)"
73,1.0,8.0,74.0,"As of October, 2004, these products are NOT working and I'm ready to demand a refund from Symantec.",octob product not_work m readi demand refund symantec,"['symantec', 'product']",{'ready'},[],"(-3,)"
74,1.0,8.0,75.0,I just uninstalled SystemWorks and Internet Security for at least the fifth time due to funtionality issues.,uninstal systemwork internet secur fifth time funtion issu,"['systemworks internet security', 'systemworks security', 'systemworks internet', 'internet security', 'time', 'systemworks', 'security', 'internet']",{'fifth'},['fifth time'],"(-3,)"
75,1.0,8.0,76.0,"Once again it won't reinstall, even with online and email assistance from Symantect Technicians.",onc wo not_reinstal onlin email assist symantect technician,['email'],{'online'},['online assistance'],"(-3,)"
76,1.0,8.0,77.0,"The best thing to do with this version, is to leave it on the store shelf. It doesn't work, and will cost you an enormous amount of your time, not to mention your hard earned dollars.",best thing version leav store shelf doe not_work cost enorm time not_to mention hard earn dollar,"['versions', 'time', 'thing', 'costs']","{'best', 'enormous'}","['enormous time', 'best version']","(-3,)"
77,1.0,8.0,78.0,"Personally, I may never buy Symantect products again.",person not_buy symantect product,['product'],set(),[],"(-3,)"
78,1.0,8.0,79.0,And that's a shame.,shame,[],set(),[],"(0,)"
79,1.0,8.0,80.0,They use to be so useful and neceesary.,use use neceesari,[],set(),[],"(0,)"
80,1.0,8.0,81.0,No longer.,not_long,[],set(),[],"(0,)"
81,1.0,8.0,82.0,Avoid this product at all costs.,avoid product cost,"['product', 'costs']",set(),[],"(-3,)"
82,1.0,9.0,83.0,Antagonising,antagonis,[],set(),[],"(0,)"
83,1.0,9.0,84.0,"There are some highs to the 2004 edition, but mostly lows.",high edit low,['edition'],set(),[],"(-1,)"
84,1.0,9.0,85.0,"The program brings more problems than a virus, albeit not as major problems, just not what you expect for 70 bucks.",program bring problem virus albeit not_a major problem not_what expect buck,"['problems virus', 'virus', 'program', 'problems']",{'major'},['major problems'],"(-2, -1)"
85,1.0,10.0,86.0,"I had a question about the pros and cons of turning off the Norton firewall vs. the windows firewall, and waited 45 minutes to speak with a tech support representative because I did not have a ""customer priority ID number.""",question pros con turn norton firewal vs. window firewal wait minut speak tech support repres becaus not_hav custom prioriti d number,"['tech support', 'windows', 'tech', 'support', 'number', 'norton', 'minutes', 'firewall', 'customer']",set(),['norton firewall'],"(-2,)"
86,1.0,10.0,87.0,"Then when I went to Norton's website to obtain a priority ID number per the instructions I had been given, I couldn't find a way to get one.",went norton websit obtain prioriti d number instruct given not_find way,"['way norton', 'website', 'way', 'number', 'norton', 'instructions']",set(),['norton website'],"(-1,)"
87,1.0,10.0,88.0,"So I e-mailed the online tech support with that simple question, and got a reply which was totally unresponsive (it looked as though they didn't actually read the e-mail and just sent back a few boilerplate paragraphs).",e mail onlin tech support simpl question got repli total unrespons look not_actu read e mail sent boilerpl paragraph,"['tech support', 'tech', 'support']","{'unresponsive', 'online', 'simple'}",['simple question'],"(-1,)"
88,1.0,10.0,89.0,"And, when you think about it, it's insulting that Norton requires its customers to jump through these hoops -- anyone who can provide proof of purchase, whether on the phone or online (what if your computer is down?), should have equal priority.",think insult norton requir custom jump hoop anyon provid proof purchas phone onlin comput equal prioriti,"['norton', 'customer', 'computer']",{'equal'},['equal priority'],"(-3,)"
89,1.0,10.0,90.0,"I may not be a computer expert but I am perfectly capable of following detailed instructions, and Norton just makes life way too hard.",not_b comput expert perfect capabl follow detail instruct norton life way hard,"['way norton', 'way', 'norton', 'instructions', 'computer']","{'detailed', 'capable'}",['detailed instructions'],"(0,)"
90,1.0,10.0,91.0,"Plus, when Norton provided online updates, there were so many unexplained categories (about 15 over and above virus definitions)",plus norton provid onlin updat mani unexplain categori abov virus definit,"['virus definitions', 'virus', 'updates', 'norton', 'definitions']","{'online', 'unexplained'}","['unexplained categories', 'online updates']","(0,)"
91,1.0,10.0,92.0,I was totally baffled.,total baffl,[],set(),[],"(0,)"
92,1.0,11.0,93.0,I originally had bought Norton Internet Security for my laptop after the preinstalled Norton Antivirus trial had finished.,origin bought norton internet secur laptop preinstal norton antivirus trial finish,"['norton internet security', 'norton antivirus security', 'antivirus internet security', 'norton antivirus internet', 'norton security', 'internet security', 'norton internet', 'antivirus security', 'norton antivirus', 'antivirus internet', 'security', 'norton', 'laptop', 'internet', 'antivirus']",set(),[],"(0,)"
93,1.0,11.0,94.0,The hardest part was the run around with what software suite to buy.,hardest run softwar suit buy,['software'],set(),[],"(0,)"
94,1.0,11.0,95.0,This package contains BOTH Norton Antivirus and Firewall.,packag contain norton antivirus firewal,"['norton antivirus', 'firewall antivirus', 'package', 'norton', 'firewall', 'antivirus']",set(),['norton firewall'],"(0,)"
95,1.0,11.0,96.0,The only reason I'd buy them separately in the combo package is for two liecenses.,onli reason buy separ combo packag liecens,['package'],set(),[],"(0,)"
96,1.0,11.0,97.0,If you want integrated Antivirus and Firewall this is what I'd suggest.,want integr antivirus firewal suggest,"['firewall antivirus', 'firewall', 'antivirus']",{'integrated'},['integrated firewall'],"(0,)"
97,1.0,11.0,98.0,Norton's memory usage on systems with 512 MB is very low.,norton memori usag system mb veri low,"['system', 'norton', 'memory']",{'low'},['norton systems'],"(2,)"
98,1.0,11.0,99.0,It usually only takes 5-10 MB's of system memory.,usual onli mb system memori,"['system', 'memory']",set(),[],"(0,)"
99,1.0,11.0,100.0,I just got an older 866 Mhz system with 512 PC 133 RAM and it also runs fine on that.,got older mhz system pc ram run fine,"['system', 'pc']","{'older', 'fine'}",['older mhz'],"(2,)"
100,1.0,11.0,101.0,Both the antivirus and firewall are integrated into one piece of software and they update together.,antivirus firewal integr piec softwar updat togeth,"['firewall antivirus', 'updates', 'software', 'firewall', 'antivirus']",set(),[],"(1,)"
101,1.0,11.0,102.0,You won't need to update your firewall and antivirus separately or install two disks.,wo not_ne updat firewal antivirus separ instal disk,"['firewall antivirus', 'updates', 'installation', 'firewall', 'antivirus']",set(),[],"(2,)"
102,1.0,11.0,103.0,The best part of the firewall is the visual backtracking.,best firewal visual backtrack,['firewall'],set(),[],"(3,)"
103,1.0,11.0,104.0,An infected computer tried to launch an attack on mine and I was able to get a map and address of the server.,infect comput tri launch attack abl map address server,['computer'],set(),[],"(0,)"
104,1.0,12.0,105.0,"I had the best intentions when I bought this, I really did.",best intent bought realli,[],set(),[],"(0,)"
105,1.0,12.0,106.0,I followed the instructions to the letter.,follow instruct letter,['instructions'],set(),[],"(0,)"
106,1.0,12.0,107.0,But it caused more headaches than I could imagine.,caus headach imagin,[],set(),[],"(0,)"
107,1.0,12.0,108.0,Stay away from this product!,stay away product,['product'],set(),[],"(-3,)"
108,1.0,12.0,109.0,"I don't know what's happened to Norton, but 2004 is absolute garbage.",not_know happen norton absolut garbag,['norton'],{'absolute'},['norton garbage'],"(-3,)"
109,1.0,12.0,110.0,"Apparently, they can't even fix the bugs that have overrun their own site.",appar not_even fix bug overrun site,['site'],set(),[],"(0,)"
110,1.0,12.0,111.0,The customer support is pathetic.,custom support pathet,"['support', 'customer']",{'pathetic'},[],"(-3,)"
111,1.0,13.0,112.0,I have found too many bugs in Norton Internet Security Professional to recommend it to any one without extreme patience and experience.,found mani bug norton internet secur profession recommend ani extrem patienc experi,"['norton internet security', 'norton security', 'internet security', 'norton internet', 'security', 'norton', 'internet', 'experience']","{'extreme', 'professional'}",[],"(-2,)"
112,1.0,14.0,113.0,"Okay, how can I say this nicely?",okay nice,[],set(),[],"(0,)"
113,1.0,14.0,114.0,This product is absolutely not ready for release.,product absolut not_readi releas,['product'],set(),[],"(-3,)"
114,1.0,14.0,115.0,"It is buggy, slow and basically frustrates the heck out of the user.",buggi slow basic frustrat heck user,['user'],{'slow'},[],"(-3,)"
115,1.0,14.0,116.0,"I am an IT professional and have used Norton for years, but this product is a complete and utter dud.",profession use norton year product complet utter dud,"['norton product', 'product', 'norton']",{'complete'},['complete utter'],"(-3,)"
116,1.0,15.0,117.0,Norton has a name in the market but I think it's only the name.,norton market think onli,['norton'],set(),[],"(0,)"
117,1.0,15.0,118.0,It's a rip off if one buys Norton Internet Security and antivirus.,rip buy norton internet secur antivirus,"['norton internet security', 'norton antivirus security', 'antivirus internet security', 'norton antivirus internet', 'norton security', 'internet security', 'norton internet', 'antivirus security', 'norton antivirus', 'antivirus internet', 'security', 'norton', 'internet', 'antivirus']",set(),['norton antivirus'],"(-2, -2)"
118,1.0,15.0,119.0,The former hogs memory and it takes ages for the computer to start.,hog memori age comput start,"['memory', 'computer']",set(),[],"(0,)"
119,1.0,15.0,120.0,Nothing spectacular is done by internet security or by antivirus software.,noth spectacular internet secur antivirus softwar,"['antivirus internet security', 'security software', 'software internet', 'internet security', 'antivirus security', 'antivirus internet', 'software', 'security', 'internet', 'antivirus']",{'spectacular'},['spectacular software'],"(-2, -2)"
120,1.0,16.0,121.0,Even though I have the parental controls off it constantly starts updating them then freezes my computer.,parent control constant start updat freez comput,"['updates', 'computer']",set(),[],"(-2,)"
121,1.0,16.0,122.0,Had to uninstall it.,uninstal,[],set(),[],"(0,)"
122,1.0,16.0,123.0,"Maybe it's me, but this isn't my program.",mayb not_mi program,['program'],set(),[],"(0,)"
123,1.0,17.0,124.0,I have had Norton Internet Security for 3 yrs and up graded to 2004 versionin August 2004.,norton internet secur yrs grade versionin august,"['norton internet security', 'norton security', 'internet security', 'norton internet', 'security', 'norton', 'internet']",{'versionin'},[],"(0,)"
124,1.0,17.0,125.0,"Now in October,2004, the firewall said I couldn't OK anymore software to use the internet because its full.","october,2004 firewal said not_ok anymor softwar use internet becaus","['software internet', 'firewall internet', 'software', 'internet', 'firewall']",set(),[],"(-3,)"
125,1.0,17.0,126.0,Im at full capacity!!!! I called Symantic and they said they don't know why but I should get Tech's Support at $35/hr to help!! I did call them and was on hold for 55 minutes untill I hung up!,m capac symant said not_know whi tech support $ hr help hold minut hung,"['tech support', 'tech help', 'tech', 'support', 'minutes', 'help']",{'symantic'},[],"(-3, -3)"
126,1.0,17.0,127.0,I am going to buy PC-cillium ASAP.,buy pc cillium asap,['pc'],set(),[],"(0,)"
127,1.0,17.0,128.0,"So, DON'T buy this or upgrade.",buy upgrad,[],set(),[],"(-2, -2)"
128,1.0,18.0,129.0,"If you currently own the 2003 version, and are looking to upgrade to the 2004 version, don't.",current version look upgrad version,['versions'],set(),[],"(-2,)"
129,1.0,18.0,130.0,"There is little meaningful difference between the two versions aside from the tedius activation process, and the product is currently rather buggy and has problems running unless cleanly installed on a formatted drive.",littl meaning differ version asid tedius activ process product current buggi problem run clean instal format drive,"['installation problems', 'versions', 'product', 'process', 'problems', 'installation', 'drive']","{'little', 'formatted', 'meaningful'}","['formatted drive', 'meaningful versions']","(-1, -2)"
130,1.0,18.0,131.0,"If you are new to the market and looking to buy a symantec software product, save yourself some money and buy the 2003 version.",new market look buy symantec softwar product save money buy version,"['versions', 'symantec', 'software', 'product', 'money']",{'new'},['symantec product'],"(-2,)"
131,1.0,18.0,132.0,"It included popup and ad blockers, referrer blockers, firewall,  intrusion detection, and all the same things that the 2004 version includes that are really needed.",includ popup ad blocker referr blocker firewal     intrus detect thing version includ realli need,"['versions', 'thing', 'popup', 'firewall']",set(),[],"(0,)"
132,1.0,19.0,133.0,"This came PRELOADED on our new, 2.8Mz Pentium 4 256RAM computer.",came preload new 2.8mz pentium 256ram comput,['computer'],set(),[],"(0,)"
133,1.0,19.0,134.0,"From day one, we've had hangups, crashes, glitches, continual reboots, LONG shutdowns due to ""ccApp.exe"" program running which is a Norton program.",day ve hangup crash glitch continu reboot long shutdown ccapp.ex program run norton program,"['program norton', 'program', 'norton']","{'continual', 'long'}",['long shutdowns'],"(-3,)"
134,1.0,19.0,135.0,Long reboots due to Norton taking FOREVER  to boot.,long reboot norton forev     boot,['norton'],{'long'},[],"(-3,)"
135,1.0,19.0,136.0,"We constantly got ""Windows Virtual Memory Low"" error messages popping up follwed by ridiculous slowdowns and/or crashes.",constant got window virtual memori low error messag pop follw ridicul slowdown and/or crash,"['windows', 'memory', 'error']","{'low', 'follwed', 'virtual', 'ridiculous'}",[],"(-3,)"
136,1.0,19.0,137.0,I don't have one good thing to say.,not_hav good thing,['thing'],"{'not_have', 'good'}",[],"(0,)"
137,1.0,19.0,138.0,I agree with the other reviewer that it doesn't even deserve 1 star.,agre review doe not_even deserv star,"['stars', 'reviews']",set(),[],"(0,)"
138,1.0,19.0,139.0,Norton online support does not even acknowledge this problem nor does the computer company that preloaded it on our new computer.,norton onlin support doe not_even acknowledg problem doe comput compani preload new comput,"['norton problems', 'problems computer', 'support', 'problems', 'norton', 'computer', 'company']","{'online', 'new'}",['online support'],"(-2,)"
139,1.0,19.0,140.0,It's a well-known company that I expected more from and spent 2 hours with tech support running all kinds of tests on the computer which of course came back reporting no trouble with the computer.,known compani expect spent hour tech support run kind test comput cours came report not_troubl comput,"['tech support', 'tech', 'support', 'hours', 'computer', 'company']",set(),[],"(0,)"
140,1.0,19.0,141.0,The tests were right.,test right,[],set(),[],"(0,)"
141,1.0,19.0,142.0,It wasn't the computer - it was Norton Internet Security 2004 which is the culprit!!,not_th comput norton internet secur culprit,"['norton internet security', 'norton security', 'internet security', 'norton internet', 'security', 'norton', 'internet', 'computer']",set(),[],"(0,)"
142,1.0,19.0,143.0,Norton support is completely pathetic.,norton support complet pathet,"['support', 'norton']",{'pathetic'},['pathetic support'],"(-3,)"
143,1.0,19.0,144.0,"We were so fed up that we uninstalled ALL of Norton Internet/AV 2004 and were going to try McAffee, but a techie friend recommended trying Norton SystemWorks 2005 first.",fed uninstal norton internet av tri mcaffe techi friend recommend tri norton systemwork,"['systemworks internet', 'norton internet', 'systemworks', 'norton', 'internet']",set(),[],"(0,)"
144,1.0,19.0,145.0,"We were leary to say the least, but decided to give Norton the benefit of the doubt.",leari decid norton benefit doubt,['norton'],set(),[],"(0,)"
145,1.0,19.0,146.0,We'd used Norton products like Internet Security 2003 forever with only rare troubles.,use norton product like internet secur forev onli rare troubl,"['norton internet security', 'norton security', 'norton product', 'internet security', 'norton internet', 'security', 'product', 'norton', 'internet']",{'rare'},['norton products'],"(0,)"
146,1.0,19.0,147.0,The SystemWorks 2005 seems to be working GREAT!!,systemwork work great,"['work', 'systemworks']",set(),[],"(0,)"
147,1.0,19.0,148.0,"We've only had it 2 days, but so far so good.  (WRONG - SEE UPDATE BELOW)",ve onli day far good     wrong updat,['updates'],set(),[],"(0,)"
148,1.0,19.0,149.0,I hope it's better than this hunk of junk Internet/AV 2004 package.,hope better hunk junk internet av packag,"['package', 'internet']",{'better'},[],"(0,)"
149,1.0,19.0,150.0,"If SystemWorks 2005 starts to act up, I'm done with Norton products forever.",systemwork start act m norton product forev,"['norton product', 'systemworks', 'product', 'norton']",set(),['norton products'],"(0,)"
150,1.0,19.0,151.0,But I don't think SystemWorks 2005 will start acting up.,not_think systemwork start act,['systemworks'],set(),[],"(0,)"
151,1.0,19.0,152.0,"72 hours later after installing, it started doing the exact same things!",hour later instal start exact thing,"['thing', 'installation', 'hours']",set(),[],"(0,)"
152,1.0,19.0,153.0,"So, we're fed up.",fed,[],set(),[],"(0,)"
153,1.0,19.0,154.0,DO NOT BUY ANY HOME VERSION OF NORTON ANYTHING.,not_buy ani home version norton anyth,"['versions norton', 'home versions', 'home norton', 'versions', 'norton', 'home']",set(),[],"(-3,)"
154,1.0,19.0,155.0,We were able to obtain a Norton Corporate Edition of Antivirus only (no firewall or utilities) and so far it's great.,abl obtain norton corpor edit antivirus onli not_firewal util far great,"['norton antivirus', 'norton', 'edition', 'antivirus']","{'great', 'corporate'}","['norton edition', 'corporate edition']","(2,)"
155,1.0,19.0,156.0, I've used the Corporate edition at work without any problems ever.,    ve use corpor edit work ani problem,"['work problems', 'work', 'problems', 'edition']",{'corporate'},['corporate edition'],"(3,)"
156,1.0,19.0,157.0,"Unfortunately, you can't buy the corporate edition over the counter.",unfortun not_buy corpor edit counter,['edition'],set(),[],"(0,)"
157,1.0,19.0,158.0,"If we had been unable to obtain the Corporate edition, we would NOT have purchased another Norton 2004 or 2005 home version anything.",unabl obtain corpor edit not_hav purchas anoth norton home version anyth,"['versions norton', 'home versions', 'home norton', 'versions', 'norton', 'home', 'edition']","{'unable', 'corporate'}",['corporate edition'],"(2, -3)"
158,1.0,19.0,159.0,"We'd have probably tried McAffee, but I hear from reviews that it has troubles too.",probabl tri mcaffe hear review troubl,['reviews'],set(),[],"(0,)"
159,1.0,19.0,160.0,HMMMM.. Good luck.,hmmmm good luck,[],set(),[],"(0,)"
160,1.0,19.0,161.0,"Our Norton Internet/AV 2004 was terrible right from the get go, so I'd think that if SytemWorks is ok now, it should remain ok.",norton internet av terribl right think sytemwork ok remain ok,"['norton internet', 'norton', 'internet']","{'ok', 'terrible'}",[],"(-3,)"
161,1.0,19.0,162.0,I'll update my review if I find out otherwise.,ll updat review find otherwis,"['updates', 'reviews']",set(),[],"(0,)"
162,1.0,19.0,163.0,WRONG - SEE MY UPDATE ABOVE.,wrong updat abov,['updates'],set(),[],"(0,)"
163,1.0,19.0,164.0,"By the way, I use the Norton 2003 Corporate at work with absolutely no trouble.",way use norton corpor work absolut not_troubl,"['way norton', 'work', 'way', 'norton']",{'corporate'},['norton work'],"(3,)"
164,1.0,19.0,165.0,"Likewise, I've heard Norton 2004 PROFESSIONAL version is fine too.",likewis ve heard norton profession version fine,"['versions norton', 'versions', 'norton']","{'professional', 'fine'}",['professional version'],"(2,)"
165,1.0,19.0,166.0,Just the home version of Norton Internet/AV has too many glitches and problems to even remotely bother with.,home version norton internet av mani glitch problem remot bother,"['versions norton', 'norton problems', 'versions internet', 'norton internet', 'home versions', 'home norton', 'versions', 'problems', 'norton', 'internet', 'home']",set(),[],"(-2,)"
166,1.0,19.0,167.0,Trust me and all the other reviews on this one.,trust review,['reviews'],set(),[],"(0,)"
167,1.0,20.0,168.0,"I have always sworn by Norton Anti-Virus and SystemWorks products, and have used them both for years.",alway sworn norton anti virus systemwork product use year,"['norton product', 'virus', 'systemworks', 'product', 'norton']",set(),[],"(0,)"
168,1.0,20.0,169.0,So I expected the same level of quality and ease of use with their Internet Security program.,expect level qualiti eas use internet secur program,"['security program', 'internet security', 'internet program', 'security', 'program', 'internet']",set(),[],"(0,)"
169,1.0,20.0,170.0,"I am an advanced computer user, so I cannot even imagine how a new or novice user would ever get this terrible program to work!",advanc comput user not_even imagin new novic user terribl program work,"['computer program', 'work', 'user', 'program', 'computer']","{'new', 'terrible', 'advanced'}",['terrible work'],"(-3,)"
170,1.0,20.0,171.0,"After installing, the system froze trying to restart (this is a new computer with Windows XP Home).",instal system froze tri restart new comput window xp home,"['home computer', 'windows', 'system', 'installation', 'home', 'computer']",{'new'},['new windows'],"(0,)"
171,1.0,20.0,172.0,"After finally restarting, the ""automatic updates"" ran.",final restart automat updat ran,['updates'],set(),[],"(0,)"
172,1.0,20.0,173.0,"When all was said and done, I couldn't even use Microsoft Outlook.",said not_even use microsoft outlook,['outlook'],set(),[],"(0,)"
173,1.0,20.0,174.0,"Seems the ""program scan"" feature did NOT find the EXE file for Outlook!",program scan featur not_find exe file outlook,"['program', 'outlook', 'files', 'feature']",set(),[],"(-1,)"
174,1.0,20.0,175.0,"It did find Outlook Express, but that's not what I use.",find outlook express not_what use,['outlook'],set(),[],"(0,)"
175,1.0,20.0,176.0,"Before I managed to manually add the program file, I contacted Symantec support.",befor manag manual add program file contact symantec support,"['symantec', 'support', 'program', 'files']",set(),['symantec support'],"(0,)"
176,1.0,20.0,177.0,"Like most of their solutions (which first blame other applications for errors), the tech persons line was that this was probably a Microsoft error - it was NOT.",like solut blame applic error tech person line probabl microsoft error,"['tech', 'error']",set(),[],"(-2,)"
177,1.0,20.0,178.0,It was a Symantec error.,symantec error,"['symantec', 'error']",set(),['symantec error'],"(-2,)"
178,1.0,20.0,179.0,"After a recent update, I can no longer open more then 1 browser window.",recent updat not_long open browser window,"['windows', 'updates']",{'recent'},['recent update'],"(-3,)"
179,1.0,20.0,180.0,I've searched the program and their online tech support (worthless) and have found no solutions.,ve search program onlin tech support worthless found not_solut,"['tech support', 'tech', 'support', 'program']",{'worthless'},[],"(-3,)"
180,1.0,20.0,181.0,"Again, I tried online email support.",tri onlin email support,"['support', 'email']",{'online'},['online support'],"(0,)"
181,1.0,20.0,182.0,They gave me a ridiculous set of steps which included emailing them screen prints as PDF files!,gave ridicul set step includ email screen print pdf file,"['files', 'email']",set(),[],"(0,)"
182,1.0,20.0,183.0,I use the program like most other people - in DISABLED mode.,use program like peopl disabl mode,"['program', 'people']",{'disabled'},['disabled mode'],"(0,)"
183,1.0,20.0,184.0,Eventually I will uninstall this troublesome bug-filled program.,eventu uninstal troublesom bug fill program,['program'],{'troublesome'},[],"(0,)"
184,1.0,20.0,185.0,Maybe it's time to explore McAfee products again...,mayb time explor mcafe product,"['time', 'product', 'mcafee']",set(),[],"(0,)"
185,1.0,21.0,186.0,"Before installing anything on your computer, you need to do a bit of research before spending the money.",befor instal anyth comput need bit research befor spend money,"['money', 'installation', 'computer']",set(),[],"(0,)"
186,1.0,21.0,187.0,"This is definitely one of those products, especially as the company is leaning more towards making a profit.",definit product especi compani lean profit,"['product', 'definitions', 'company']",set(),[],"(-1,)"
187,1.0,22.0,188.0,I recommended this for my father based on my experience with previous versions.,recommend father base experi previous version,"['versions', 'experience']",set(),[],"(0,)"
188,1.0,22.0,189.0,I wish I'd done some research first....,wish research,[],set(),[],"(0,)"
189,1.0,23.0,190.0,I've been using NIS 2004 for about 2 months and it works well.,ve use nis month work,"['work', 'nis', 'months']",set(),[],"(2,)"
190,1.0,23.0,191.0,"Some of the options are confusing, especially when the popup warnings occur, but I've had no problems with intrusions.",option confus especi popup warn occur ve not_problem intrus,['popup'],set(),[],"(-1, 2)"
191,1.0,23.0,192.0,Norton pops up a window about the intrusions and gives me as much detail as possible about where the intrusion is coming from.,norton pop window intrus detail possibl intrus come,"['windows', 'norton']",{'possible'},['possible intrusion'],"(3,)"
192,1.0,23.0,193.0,The popup blocker and anti-spam are bonuses.,popup blocker anti spam bonus,['popup'],{'anti'},[],"(2, 2)"
193,1.0,24.0,194.0,"Product is OK; however, despite the fact that I followed the rebate instructions explicitly, I am being denied the rebate because the processing agency incorrectly claims I did not send in proof of ownership of a previous product.",product ok howev despit fact follow rebat instruct explicit deni rebat becaus process agenc incorrect claim not_send proof ownership previous product,"['product', 'process', 'instructions']",{'previous'},[],"(1, -1)"
194,1.0,24.0,195.0,Not much recourse for the consumer in these cases.,not_much recours consum case,[],set(),[],"(0,)"
195,1.0,25.0,196.0,I didn't have any major problems installing this software.,not_hav ani major problem instal softwar,"['problems software', 'installation problems', 'software', 'problems', 'installation']",set(),[],"(1,)"
196,1.0,25.0,197.0,"The only problem I had was a few components didn't quite load correctly upon startup, but a reboot fixed the problem.",onli problem compon not_quit load correct startup reboot fix problem,"['problems', 'components']",set(),[],"(-1,)"
197,1.0,25.0,198.0,"I had NIS 2003 and was very happy with it; this new version really doesn't seem to offer a lot of exciting new features, seems merely the same as 2003 dressed-up to look like a new version.",nis veri happi new version realli doe not_seem offer lot excit new featur mere dress look like new version,"['versions', 'nis', 'lot', 'feature']","{'new', 'exciting'}","['new version', 'exciting features']","(0,)"
198,1.0,25.0,199.0,"Anyhow, this software is working fine and no problems since I installed it two weeks ago.",softwar work fine not_problem sinc instal week ago,"['work', 'software', 'installation']",set(),[],"(2,)"
199,1.0,25.0,200.0,I give it 4-stars only because the installation process - or rather problems that may surface during the installation process - can be frustrating to the average computer user.,star onli becaus instal process problem surfac dure instal process frustrat averag comput user,"['installation problems', 'problems computer', 'user', 'stars', 'process', 'problems', 'installation', 'computer']","{'frustrating', 'average'}",['frustrating user'],"(-1,)"
200,1.0,25.0,201.0,"If you experience problems with installation, you can visit symantec's website, click the support tab, click the 'home or home office support' and there is an automated support assistant that can scan the Norton program files on your computer and it will tell you what is not working right and how to fix it.",experi problem instal visit symantec websit click support tab click home home offic support autom support assist scan norton program file comput tell not_work right fix,"['program norton', 'norton problems', 'installation problems', 'home norton', 'computer program', 'problems computer', 'home computer', 'website', 'symantec', 'support', 'program', 'problems', 'norton', 'installation', 'home', 'files', 'experience', 'computer']",{'right'},"['right fix', 'symantec website']","(-1,)"
201,1.0,25.0,202.0,Can't get easier than that!,not_get easier,[],set(),[],"(-1,)"
202,1.0,25.0,203.0,Avoid like the plague.,avoid like plagu,[],set(),[],"(0,)"
203,1.0,25.0,204.0,"I already knew something was wrong, because much of the Spam I've seen in the past six months was from resellers of Norton products.",alreadi knew someth wrong becaus spam ve seen past month resel norton product,"['product past', 'norton product', 'product', 'past', 'norton', 'months']",{'wrong'},"['past months', 'norton products']","(-2,)"
204,1.0,25.0,205.0,For Norton to encourage Spammers by letting them sell their products is a very bad sign.,norton encourag spammer let sell product veri bad sign,"['norton product', 'product', 'norton']",{'bad'},['bad sign'],"(0,)"
205,1.0,26.0,206.0,"Well, I must be one of the few fortunate ones on here.",fortun,[],set(),[],"(0,)"
206,1.0,26.0,207.0,Mine installed no problem (but I DID uninstall my Norton Anti-Virus 2002 & Personal Firewall 2002 first).,instal not_problem uninstal norton anti virus person firewal,"['virus', 'norton', 'installation', 'firewall']",{'personal'},['personal firewall'],"(2,)"
207,1.0,26.0,208.0,Seems to work great.,work great,['work'],set(),[],"(3,)"
208,1.0,26.0,209.0,Sorry to hear about all the other folk's problems....makes me wonder why I'm NOT having any (I'm running Win XP as well).,sorri hear folk problem wonder whi m not_hav ani m run win xp,['problems'],set(),[],"(0,)"
209,1.0,27.0,210.0,I had Norton Internet Security 2003 and it worked great...one of the features that I liked was the user interface as well as the ad/pop-up blocking feature along w/the logs on internet usage.,norton internet secur work great featur like user interfac ad pop block featur w log internet usag,"['norton internet security', 'norton security', 'internet security', 'norton internet', 'work', 'user', 'security', 'norton', 'internet', 'feature']",{'great'},['great features'],"(0,)"
210,1.0,27.0,211.0,"I read many reviews on Norton I.S. 2004 from a variety of sources (Cnet, Amazon, message boards) and came to the conclusion that NIS 04 was a terrible product and not worth the update.",read mani review norton i.s . varieti sourc cnet amazon messag board came conclus nis terribl product not_worth updat,"['norton product', 'updates', 'reviews', 'product', 'norton', 'nis', 'amazon']",set(),[],"(-3,)"
211,1.0,27.0,212.0,"In January of 2004, I renewed my subscription service for NIS 2003 but on Jan 7, everything changed.",januari renew subscript servic nis jan everyth chang,"['subscription', 'service', 'nis']",set(),[],"(0,)"
212,1.0,27.0,213.0,There was a Verisign problem that conflicted w/Word and Excel and was posted on the Symantec site that affected computers.,verisign problem conflict w word excel post symantec site affect comput,"['problems computer', 'symantec', 'site', 'problems', 'computer']",{'verisign'},['symantec site'],"(0,)"
213,1.0,27.0,214.0,The Symantec site said it didn't affect NIS but I believe it did.,symantec site said not_affect nis believ,"['symantec', 'site', 'nis']",set(),['symantec site'],"(0,)"
214,1.0,27.0,215.0,I also believe that when I renewed my subscription service that Symantec uploaded the NIS 2004 patch.,believ renew subscript servic symantec upload nis patch,"['symantec', 'subscription', 'service', 'nis']",set(),[],"(0,)"
215,1.0,27.0,216.0,All of a sudden everything that reviewers were writing about NIS 2004 was happening to my computer.,sudden everyth review write nis happen comput,"['nis computer', 'reviews', 'nis', 'computer']",{'sudden'},['sudden reviewers'],"(0,)"
216,1.0,27.0,217.0,Booting up my computer took forever!!!,boot comput took forev,['computer'],set(),[],"(-3,)"
217,1.0,27.0,218.0,"Then, my ad/pop-up blocking was completely gone.",ad pop block complet gone,[],set(),[],"(-3,)"
218,1.0,27.0,219.0,My file log was not responding and the program was not blocking any cookies or unauthorized sites.,file log not_respond program not_block ani cooki unauthor site,"['site', 'program', 'files']",{'unauthorized'},['unauthorized program'],"(-3,)"
219,1.0,27.0,220.0,After extensive researching on the Symantec site I broke down and called Symantec.,extens research symantec site broke symantec,"['symantec', 'site']",{'extensive'},['symantec site'],"(0,)"
220,1.0,27.0,221.0,"Again, every review written about the Tech Line is true...after waiting close to 45 minutes I finally spoke to a rep.",everi review written tech line true wait close minut final spoke rep,"['tech', 'reviews', 'minutes']","{'close', 'true'}",[],"(-2,)"
221,1.0,27.0,222.0,I had to pay $29.95 just to go any further.,pay $ 29.95 ani,[],set(),[],"(0,)"
222,1.0,27.0,223.0,After telling the rep and his tech supervisor the problem the only answer was to uninstall the program (which I had already done)...,tell rep tech supervisor problem onli answer uninstal program alreadi,"['tech', 'program', 'problems']",set(),[],"(-2,)"
223,1.0,27.0,224.0,They sent me a link to their website to follow instructions on ridding my registry of all Symantec products so I could get a clean re-install.,sent link websit follow instruct rid registri symantec product clean instal,"['website', 'symantec', 'registry', 'product', 'instructions', 'installation']",{'clean'},['symantec products'],"(0,)"
224,1.0,27.0,225.0,They didn't know what the problem could be.,not_know problem,['problems'],set(),[],"(-3,)"
225,1.0,27.0,226.0,They said to call back if it still didn't work after the complete uninstall.,said not_work complet uninstal,[],set(),[],"(0,)"
226,1.0,27.0,227.0,I did it and it was worse the second time around...unbelievable.,wors second time unbeliev,['time'],"{'second', 'unbelievable', 'worse'}",[],"(-3,)"
227,1.0,27.0,228.0,I gave up.,gave,[],set(),[],"(0,)"
228,1.0,27.0,229.0,"Basically, I ate the cost of the renewal and ate the cost of the Tech Help.",basic ate cost renew ate cost tech help,"['tech help', 'tech', 'help', 'costs']",set(),[],"(-3,)"
229,1.0,28.0,230.0,NIS is a package of several Norton products.,nis packag sever norton product,"['norton product', 'product', 'package', 'norton', 'nis']",set(),[],"(0,)"
230,1.0,28.0,231.0,"Unfortunately, it does not give you the option of unstalling (or uninstalling) them individually.",unfortun doe not_giv option unstal uninstal individu,[],set(),[],"(-1,)"
231,1.0,28.0,232.0,If you get NIS be sure you want ALL of them installed and running on your machine.,nis sure want instal run machin,"['nis', 'installation']",set(),[],"(0,)"
232,1.0,28.0,233.0,"You can ""disable"" some of the individual components, but don't be fooled--they're still there and running.",disabl individu compon not_b fool run,['components'],set(),[],"(-1,)"
233,1.0,28.0,234.0,"Although I disabled Norton AntiSpam, it is still there.",disabl norton antispam,"['norton', 'antispam']",{'disabled'},['norton antispam'],"(-2,)"
234,1.0,28.0,235.0,"Every time I start Eudora, a message from AntiSpam pops up telling me that COM automation needs to be turned on for it to run properly.",everi time start eudora messag antispam pop tell com autom need turn run proper,"['time', 'antispam']",{'run'},[],"(0,)"
235,1.0,28.0,236.0,I guess the possibility that someone might not want it to run at all never occured to the designers.,guess possibl someon not_want run not_occur design,[],set(),[],"(0,)"
236,1.0,28.0,237.0,"Just to try to shut it up, I told it to go ahead and turn on COM automation.",tri shut told ahead turn com autom,[],set(),[],"(0,)"
237,1.0,28.0,238.0,This did manage to cut the number of popups during start-up from 4 down to 2.,manag cut number popup dure start,"['popup', 'number']",set(),[],"(2,)"
238,1.0,28.0,239.0,But those 2 come up every time.,come everi time,['time'],set(),[],"(-2,)"
239,1.0,28.0,240.0,And this despite the fact that I'm not even using AntiSpam.,despit fact m not_even use antispam,['antispam'],set(),[],"(0,)"
240,1.0,28.0,241.0,"Next, the big reason not to buy ANY Norton product:  If there's a problem with it, Norton charges $30 to even tell them about it.",big reason not_to buy ani norton product     problem norton charg $ tell,"['norton product', 'norton problems', 'product', 'problems', 'norton']",{'big'},['norton product'],"(-2, -2)"
241,1.0,28.0,242.0,"Sure they say if it's their fault you won't get charged, but THEY are the ones who get to decide whether it's their fault.",sure fault wo not_get charg decid fault,[],set(),[],"(-2, -2)"
242,1.0,28.0,243.0,And you have to put up the 30 bucks to get them to decide.,buck decid,[],set(),[],"(0,)"
243,1.0,28.0,244.0,Nice little racket they've got there.,nice littl racket ve got,[],set(),[],"(0,)"
244,1.0,29.0,245.0,I bought Norton Internet Security years ago when it first came out.,bought norton internet secur year ago came,"['norton internet security', 'norton security', 'internet security', 'norton internet', 'security', 'norton', 'internet']",set(),[],"(0,)"
245,1.0,29.0,246.0,"While it didn't have all the features I would have liked, it was better than anything else I could find at the time.",not_hav featur like better anyth els find time,"['time', 'feature']",set(),[],"(1,)"
246,1.0,30.0,247.0,The problems I had installing Norton extended way beyond what Symantec should reasonably expect the public to deal with.,problem instal norton extend way symantec reason expect public deal,"['way norton', 'norton problems', 'installation problems', 'way', 'symantec', 'problems', 'norton', 'installation']","{'extended', 'public'}",['extended way'],"(-2,)"
247,1.0,30.0,248.0,"When I purchase software, I NEVER want to have to spend hours looking up solutions to my install problems -- in particular solutions that involve manually setting driver preferences or editing the registry!",purchas softwar not_want spend hour look solut instal problem particular solut involv manual set driver prefer edit registri,"['problems software', 'installation problems', 'software', 'registry', 'problems', 'installation', 'hours', 'edition']",set(),[],"(-3,)"
248,1.0,31.0,249.0,This is a very full featured product.,veri featur product,"['product', 'feature']",set(),[],"(0,)"
249,1.0,31.0,250.0,It checks every 5 minutes for virus and spam definition updates.,check everi minut virus spam definit updat,"['virus definitions', 'virus', 'updates', 'minutes', 'definitions']",set(),[],"(0,)"
250,1.0,31.0,251.0,"Also, with one click you can help train your spam killer.",click help train spam killer,['help'],set(),[],"(2,)"
251,1.0,31.0,252.0,And the firewall came with a wizard which made it effortless to configure it to my LAN.,firewal came wizard effortless configur lan,['firewall'],set(),[],"(2,)"
252,1.0,32.0,253.0,"I downloaded this set from Norton, and within minutes my Internet connection failed and my PC was almost dead due to registry problems from the download.",download set norton minut internet connect fail pc dead registri problem download,"['norton problems', 'pc internet', 'norton internet', 'registry', 'problems', 'pc', 'norton', 'minutes', 'internet']",{'dead'},['dead problems'],"(-3,)"
253,1.0,32.0,254.0,I was forced to re-format the next day due to extensive incapatability issues.,forc format day extens incapat issu,[],set(),[],"(0,)"
254,1.0,32.0,255.0,I lost all my personal info.,lost person info,[],set(),[],"(0,)"
255,1.0,32.0,256.0,Their site offers no live help at all.,site offer not_liv help,"['site', 'help']",{'not_live'},['not_live help'],"(-3,)"
256,1.0,32.0,257.0,"I tried to call Norton, and the only numbers they list on their sites are either for Non-tech Customer Service (tried this one and hung up after 75 minute of MUZAC) or they have a $30 tech-support number.",tri norton onli number list site non tech custom servic tri hung minut muzac $ tech support number,"['tech support', 'tech', 'support', 'site', 'service', 'number', 'norton', 'minutes', 'customer']",{'hung'},"['norton numbers', 'hung minute']","(-3, -3)"
257,1.0,32.0,258.0,Who wants to pay $30 to discuss a defect in a product that just cost $95? (I also bought the back-up CD).,want pay $ discuss defect product cost $ bought cd,"['product', 'costs']",set(),[],"(-3,)"
258,1.0,32.0,259.0,"I finally got a free support number for Norton through my ISP support staff, but waited an hour or more for a voice.",final got free support number norton isp support staff wait hour voic,"['support', 'number', 'norton', 'hours']",{'free'},"['norton isp', 'free staff']","(-2,)"
259,1.0,32.0,260.0,"They said they would refund all the money, but a month later, they tell me now the back-up disc is not refundable as its cost is purely handling and shipping - $15 to ""handle"" and ship a CD? --and they have been indignant and combative on the phone and in emails.",said refund money month later tell disc not_refund cost pure handl ship $ handl ship cd --and indign combat phone email,"['months', 'money', 'email', 'costs']","{'not_refundable', 'indignant', 'combative'}",['not_refundable cost'],"(-3,)"
260,1.0,32.0,261.0,This is a terrible company with a bad product and awful support.,terribl compani bad product aw support,"['support', 'product', 'company']","{'bad', 'terrible', 'awful'}",['awful support'],"(-2, -3)"
261,1.0,32.0,262.0,"After 10 years, I now downloaded McCaffee's product after calling their support....they answered quickly, and for free, and were very helpful.",year download mccaffe product support answer quick free veri help,"['support', 'product', 'help']","{'free', 'helpful'}",[],"(-3,)"
262,1.0,32.0,263.0,"No problems now, just a sickly disappointment in the way Norton has abandoned thier customers.",not_problem sick disappoint way norton abandon thier custom,"['way norton', 'way', 'norton', 'customer']",{'sickly'},['sickly disappointment'],"(-2,)"
263,1.0,32.0,264.0,"I see many other reviews that say the same....stay away from Norton, they don't deserve you, or anyone!",mani review stay away norton not_deserv anyon,"['reviews', 'norton']",set(),[],"(-3,)"
264,1.0,32.0,265.0,A security software suite with lots of value,secur softwar suit lot valu,"['security software', 'software', 'security', 'lot']",set(),[],"(0,)"
265,1.0,32.0,266.0,"While I understand the complaints about Symantec's Norton SystemWorks software suite (which are totally justified), the same can't be said for Norton Internet Security.",understand complaint symantec norton systemwork softwar suit total justifi not_b said norton internet secur,"['systemworks internet security', 'norton internet security', 'systemworks security', 'security software', 'norton security', 'systemworks internet', 'software internet', 'internet security', 'norton internet', 'systemworks', 'symantec', 'software', 'security', 'norton', 'internet']",set(),[],"(0,)"
266,1.0,32.0,267.0,"It's a highly rated, KICK ASS firewall program that's bundled with the venerable Norton AntiVirus, plus extras (like Norton AntiSpam & Norton Parental Control) that make this security suite a must-have for people who have broadband internet access.",high rate kick ass firewal program bundl vener norton antivirus plus extra like norton antispam norton parent control secur suit peopl broadband internet access,"['norton internet security', 'norton antivirus security', 'antivirus internet security', 'norton antivirus internet', 'security program', 'norton security', 'program norton', 'internet security', 'internet program', 'norton internet', 'firewall security', 'firewall internet', 'antivirus security', 'antivirus program', 'norton antivirus', 'antivirus internet', 'firewall antivirus', 'security', 'program', 'people', 'norton', 'internet', 'firewall', 'antivirus', 'antispam']","{'venerable', 'parental'}","['parental control', 'norton suite']","(3, 3, 2, 2)"
267,1.0,32.0,268.0,Detractors should spend more time actually customizing the program to meet their needs instead of being lazy & complaining just for the hell of it.,detractor spend time actual custom program meet need instead lazi complain hell,"['time', 'program', 'customer']",{'lazy'},[],"(0,)"
268,1.0,32.0,269.0,"Once you set it up, you barely even notice it's even there.",onc set bare notic,[],set(),[],"(0,)"
269,1.0,33.0,270.0,"I've alway liked Symantec products, except for this version 2004.",ve alway like symantec product version,"['versions', 'symantec', 'product']",set(),['symantec products'],"(-2,)"
270,1.0,33.0,271.0,"If you are already using a previous version of nortron security and unistalled it to install the new version, you will still have all kind of problems in installing the new version on your system!",alreadi use previous version nortron secur unistal instal new version kind problem instal new version system,"['versions security', 'security system', 'installation problems', 'versions', 'system', 'security', 'problems', 'installation']","{'previous', 'new'}",[],"(-2,)"
271,1.0,33.0,272.0,It seems like Symantec did a lousy job on this version.,like symantec lousi job version,"['versions', 'symantec']",{'lousy'},['symantec version'],"(0,)"
272,1.0,33.0,273.0,"Luckly,with 3 rebates this product will cost me nothing! it is indeed worth nothing.",luck rebat product cost noth inde worth noth,"['product', 'costs']",{'luckly'},['luckly rebates'],"(1,)"
273,1.0,33.0,274.0,"To install that version you have to uninstall from the window registery anything called Symantec or Nortron,... also from the common files in the program folder the symantec folder has to be deleted.",instal version uninstal window registeri anyth symantec nortron common file program folder symantec folder delet,"['windows', 'versions', 'symantec', 'program', 'installation', 'folder', 'files']",{'common'},"['symantec folder', 'symantec nortron']","(-1, -2)"
274,1.0,33.0,275.0,"If you got stuck do what I did,search for any folder called symantec and delete it! then install that program(assuming you know what you are doing).",got stuck search ani folder symantec delet instal program(assum know,"['symantec', 'installation', 'folder']","{'delete', 'stuck'}",['symantec install'],"(0,)"
275,1.0,33.0,276.0,"If you have no previous version of  nortron security on your system, or Nortron Antivirus, the installation will go fine, otherwise dig in and in to do a major registery clean up!the old programs will leave a trace that will mess up the new installation, even if you uninstalled the old programs perfectly.",not_previ version     nortron secur system nortron antivirus instal fine otherwis dig major registeri clean up!th old program leav trace mess new instal uninstal old program perfect,"['versions security', 'security system', 'security program', 'antivirus security', 'antivirus program', 'versions', 'system', 'security', 'program', 'installation', 'antivirus']","{'not_previous', 'major', 'old', 'clean', 'new', 'fine'}",[],"(-2,)"
276,1.0,33.0,277.0,"What dissapointes me the most that a software like that  is not cheap gets zero support form symantec, if you want support, they'll charge you a Fee!",dissapoint softwar like     not_cheap zero support form symantec want support ll charg fee,"['symantec', 'support', 'software']",set(),[],"(-3,)"
277,1.0,33.0,278.0,I've tried the free versions of zone alarm and the free version of sygate and they both have a nice and easy installation and work great!.,ve tri free version zone alarm free version sygat nice easi instal work great,"['work', 'versions', 'installation', 'alarm']","{'easy', 'great', 'free', 'nice'}",['free version'],"(2, 2)"
278,1.0,33.0,279.0,"Next year when I purchase a 2005 FireWall version, I am buying the Zone Alarm or the sygate one.",year purchas firewal version buy zone alarm sygat,"['versions', 'firewall', 'alarm']",set(),[],"(0,)"
279,1.0,33.0,280.0,I am giving a zero star to symantec for this version!,zero star symantec version,"['versions', 'symantec', 'stars']",set(),['symantec version'],"(-3,)"
280,1.0,34.0,281.0,I really liked the firewall.,realli like firewal,['firewall'],set(),[],"(0,)"
281,1.0,34.0,282.0,"It can be a pain to configure, but I dealt with it.",pain configur dealt,[],set(),[],"(0,)"
282,1.0,34.0,283.0,"THEN all of a sudden when I restarted my pc, I couldn't get to anything in IE.",sudden restart pc not_get anyth ie,['pc'],{'sudden'},['sudden not_get'],"(0,)"
283,1.0,34.0,284.0,I have gone to their site many times in the last two months looking for an answer.,gone site mani time month look answer,"['time', 'site', 'months']",set(),[],"(0,)"
284,1.0,34.0,285.0,I've tried lots of things they suggest.,ve tri lot thing suggest,"['thing', 'lot']",set(),[],"(0,)"
285,1.0,34.0,286.0,My computer configuration is probably all screwed up at this point.,comput configur probabl screw point,['computer'],set(),[],"(0,)"
286,1.0,34.0,287.0,The only free help you get is in renewing your subscription!,onli free help renew subscript,"['subscription', 'help']",{'free'},[],"(1,)"
287,1.0,34.0,288.0,The only way my pc internet works is if I open the Firewall Program configuration and manually refresh it.,onli way pc internet work open firewal program configur manual refresh,"['internet program', 'pc internet', 'firewall internet', 'work', 'way', 'program', 'pc', 'internet', 'firewall']",set(),[],"(-1,)"
288,1.0,34.0,289.0,It's become tedious doing this.,becom tedious,[],set(),[],"(0,)"
289,1.0,34.0,290.0,Wish I hadn't renewed my subscription.,wish not_renew subscript,['subscription'],set(),[],"(0,)"
290,1.0,34.0,291.0,Buy ZONE Alarm.,buy zone alarm,['alarm'],set(),[],"(0,)"
291,1.0,34.0,292.0,Wish I had.,wish,[],set(),[],"(0,)"
292,1.0,35.0,293.0,"I read how the buyers of this product watched their computers turn into processing sloths, bought a copy and watched my 2.4 Gig XP Pro processor slow down below the level of my 750 Meg 2000Pro laptop!",read buyer product watch comput turn process sloth bought copi watch 2.4 gig xp pro processor slow level meg 2000pro laptop,"['product', 'process', 'laptop', 'computer']","{'slow', 'pro'}","['pro level', 'slow level']","(0,)"
293,1.0,35.0,294.0,At the same time I bought PC-Cillin for the laptop and what a slick product!,time bought pc cillin laptop slick product,"['time', 'product', 'pc', 'laptop']",{'slick'},['slick product'],"(0,)"
294,1.0,35.0,295.0,"So now, when we type, half the time the XP Pro 2.4 Gig PC lags behind the input, sometime by 10 characters!",type half time xp pro 2.4 gig pc lag input sometim charact,"['time', 'pc']",{'half'},['half time'],"(0,)"
295,1.0,35.0,296.0,Symantec should give us all a refund and apology!,symantec refund apolog,['symantec'],set(),['symantec apology'],"(-2,)"
296,1.0,35.0,297.0,"I will NEVER buy their product again at this rate, and neither should you.",not_buy product rate,['product'],set(),[],"(-3,)"
297,1.0,35.0,298.0,BEWARE!!!!,bewar,[],set(),[],"(0,)"
298,1.0,36.0,299.0,The product has worked perfectly for me on my XP.,product work perfect xp,"['work', 'product']",set(),[],"(3,)"
299,1.0,36.0,300.0,"No more banner ads, pop-ups, and the reliable antivirus.",not_mor banner ad pop reliabl antivirus,['antivirus'],{'reliable'},[],"(3,)"
300,1.0,36.0,301.0,"I work on word, explorer, netscape, acrobat reader, photoshop at same time (meaning using a lot of memory), but still dont see a problem with computer (getting slow or crashing).",work word explor netscap acrobat reader photoshop time mean use lot memori nt problem comput slow crash,"['work problems', 'problems computer', 'work', 'time', 'problems', 'memory', 'lot', 'computer']",{'slow'},[],"(3,)"
301,1.0,36.0,302.0,"I have XP with 256MB RAM, 40GB memory.",xp mb ram gb memori,['memory'],set(),[],"(0,)"
302,1.0,36.0,303.0,This product is way cooler than anything Ive used before (PcCillins and McCafees and Norton Antivirus alone).,product way cooler anyth ve use befor pccillin mccafe norton antivirus alon,"['way norton', 'norton product', 'norton antivirus', 'way', 'product', 'norton', 'antivirus']",{'cooler'},[],"(3,)"
303,1.0,36.0,304.0,5 stars all the way!,star way,"['way', 'stars']",set(),[],"(3,)"
304,1.0,37.0,305.0,I've had the last 3 versions of NIS.,ve version nis,"['versions', 'nis']",set(),[],"(0,)"
305,1.0,37.0,306.0,All in all it hasn't been a bad product.,not_been bad product,['product'],{'bad'},[],"(1,)"
306,1.0,37.0,307.0,"However, Symantec has taken a significant turn for the worse with this release.",howev symantec taken signific turn wors releas,['symantec'],"{'significant', 'worse'}",['significant turn'],"(-2,)"
307,1.0,38.0,308.0,"While it has a rather effective firewall, and comes with Norton Antivirus (which I'm actually rather fond of), the Security Suite has significantly slowed down my system.",effect firewal come norton antivirus m actual fond secur suit signific slow system,"['norton antivirus security', 'security system', 'norton security', 'firewall security', 'antivirus security', 'norton antivirus', 'firewall antivirus', 'system', 'security', 'norton', 'firewall', 'antivirus']","{'fond', 'effective'}","['fond suite', 'effective firewall']","(2, -2)"
308,1.0,38.0,309.0,"I'm currently using a Sony Vaio S-150 (which I bought at the end of this past August), and it takes about five minutes just to boot the system - in fact, I've taken to just hibernating, rather than shutting down completely.",m current use soni vaio s-150 bought end past august minut boot system fact ve taken hibern shut complet,"['system', 'past', 'minutes']",set(),[],"(-2,)"
309,1.0,38.0,310.0,"The Antivirus is good, but ""Internet Security"" just isn't worth it.",antivirus good internet secur not_worth,"['antivirus internet security', 'internet security', 'antivirus security', 'antivirus internet', 'security', 'internet', 'antivirus']",set(),[],"(2, -1)"
310,1.0,39.0,311.0,"I've owned many Norton products in my time, and for the most part, I've been pleased with their performance.",ve mani norton product time ve pleas perform,"['norton product', 'time', 'product', 'norton']",set(),['norton products'],"(2,)"
311,1.0,39.0,312.0,This is also the case with NIS 2004.,case nis,['nis'],set(),[],"(2,)"
312,1.0,39.0,313.0,I've seen many reviews praising 2003 and cursing 2004.,ve seen mani review prais curs,['reviews'],set(),[],"(0,)"
313,1.0,39.0,314.0,"I upgraded from NIS 2003, and the change in performance has not been noticeable.",upgrad nis chang perform not_been notic,['nis'],{'noticeable'},['noticeable not_been'],"(2, 1)"
314,1.0,39.0,315.0,"On the contrary, I'm quite pleased with my upgrade.",contrari m quit pleas upgrad,[],set(),[],"(3,)"
315,1.0,39.0,316.0,It works better and has more useful features than NIS 2003.,work better use featur nis,"['work', 'nis', 'feature']",{'useful'},['useful features'],"(3, 3)"
316,1.0,40.0,317.0,I bought this product after reading the Editor's Choice article at PC Magazine and had a great experience with Amazon (as usual).,bought product read editor choic articl pc magazin great experi amazon usual,"['product', 'pc', 'experience', 'amazon']","{'great', 'usual'}",['great experience'],"(0,)"
317,1.0,40.0,318.0,"The program is fully featured, with much of what you'd want from a security program --",program fulli featur want secur program,"['security program', 'security', 'program', 'feature']",set(),[],"(2,)"
318,1.0,40.0,319.0,I was upgrading from a version of Norton Anti-virus that was about a year old in order to get spam and pop-up control.,upgrad version norton anti virus year old order spam pop control,"['versions norton', 'virus', 'versions', 'norton']",{'old'},['old order'],"(0,)"
319,1.0,40.0,320.0,My previous experience with multiple Symantec/Norton products has been good.,previous experi multipl symantec norton product good,"['norton product', 'symantec', 'product', 'norton', 'experience']","{'multiple', 'previous', 'good'}","['symantec products', 'norton products']","(0,)"
320,1.0,40.0,321.0,"The installation, set-up, and operating interfaces are well organized and intuitive and the email spam component works well.",instal set oper interfac organ intuit email spam compon work,"['work', 'installation', 'email', 'components']",{'intuitive'},['intuitive component'],"(1, 1, 1, 1)"
321,1.0,40.0,322.0,"HOWEVER, I AM VERY DISAPPOINTED WITH THIS PRODUCT AND WITH SYMANTEC.",howev veri disappoint product symantec,"['symantec', 'product']",{'disappointed'},['disappointed symantec'],"(-3,)"
322,1.0,40.0,323.0,"It feels like I'm back to the days of 56k dial-up internet service, even though I'm running a Dell 2GHz Pentium 4 with 256MB memory and have had excellent broadband service for the past year.",feel like m day 56k dial internet servic m run dell 2ghz pentium mb memori excel broadband servic past year,"['service', 'past', 'memory', 'internet']",{'excellent'},['excellent service'],"(-2,)"
323,1.0,40.0,324.0,"I tried disabling the various components provided with this product, paring it all the way back to anti-virus only service... and saw no improvement.",tri disabl compon provid product pare way anti virus onli servic saw not_improv,"['way', 'virus', 'service', 'product', 'components']",set(),[],"(-2,)"
324,1.0,40.0,325.0,There is absolutely nothing useful at the Symantec/Norton site.,absolut noth use symantec norton site,"['symantec', 'site', 'norton']",{'useful'},"['symantec site', 'norton site']","(-2,)"
325,1.0,40.0,326.0,I am going to uninstall this and stick with my old version until they offer a fix or until I can find a program from another vendor.,uninstal stick old version offer fix find program anoth vendor,"['versions', 'program']","{'uninstall', 'old'}",['old offer'],"(0,)"
326,1.0,40.0,327.0,"I purchased this even though I saw some disparaging reviews at the Amazon site, trusting PC Magazine to get it right.",purchas saw disparag review amazon site trust pc magazin right,"['site', 'reviews', 'pc', 'amazon']",set(),[],"(0,)"
327,1.0,40.0,328.0,"However, I suspect that many people are having a bad experience -- DO NOT PURCHASE THIS PRODUCT.",howev suspect mani peopl bad experi not_purchas product,"['product', 'people', 'experience']",{'bad'},['bad experience'],"(-3,)"
328,1.0,41.0,329.0,PIII 1Ghz 512MB RDRAM Windows XP Pro 80GB HD  I was able to Uninstall NIS 2003 and Install NIS 2004 with no trouble.,piii 1ghz mb rdram window xp pro gb hd     abl uninstal nis instal nis not_troubl,"['windows', 'nis', 'installation']",{'able'},[],"(3, 3)"
329,1.0,41.0,330.0,"First, I turned off my cable modem.",turn cabl modem,[],set(),[],"(0,)"
330,1.0,41.0,331.0,Then I disabled both Norton Antivirus and Norton Internet Security.,disabl norton antivirus norton internet secur,"['norton internet security', 'norton antivirus security', 'antivirus internet security', 'norton antivirus internet', 'norton security', 'internet security', 'norton internet', 'antivirus security', 'norton antivirus', 'antivirus internet', 'security', 'norton', 'internet', 'antivirus']",{'disabled'},[],"(0,)"
331,1.0,41.0,332.0,"I used ""Add/Remove Programs"" to unistall NIS 2003.",use add remov program unistal nis,"['program', 'nis']",set(),[],"(0,)"
332,1.0,41.0,333.0,"In ""Add/Remove, you must selecting the program's Change button.",add remov select program chang button,['program'],set(),[],"(0,)"
333,1.0,41.0,334.0,"After that was complete, I deleted the Norton Antivirus and Norton Internet Security folders left in the ""Programs"" section of Windows XP.",complet delet norton antivirus norton internet secur folder left program section window xp,"['norton internet security', 'norton antivirus security', 'antivirus internet security', 'norton antivirus internet', 'security program', 'norton security', 'program norton', 'internet security', 'internet program', 'norton internet', 'antivirus security', 'antivirus program', 'norton antivirus', 'antivirus internet', 'windows', 'security', 'program', 'norton', 'internet', 'folder', 'antivirus']",{'complete'},['complete folders'],"(0,)"
334,1.0,41.0,335.0,Next I de-fragged my hard drive.,de frag hard drive,['drive'],{'hard'},[],"(0,)"
335,1.0,41.0,336.0,"I did not use the Rnis.exe, since I have WinFax Pro on my system. I did not touch the Windows Registry, for the same reason.",not_us rnis.ex sinc winfax pro system not_touch window registri reason,"['windows', 'system', 'registry']","{'winfax', 'not_touch', 'not_use', 'pro'}",[],"(0,)"
336,1.0,41.0,337.0,"I installed, activated and registered NIS 2004 without issue.",instal activ regist nis issu,"['nis', 'installation']",set(),[],"(2,)"
337,1.0,41.0,338.0,"So far, the Anti-Spam feature seems to be very good.",far anti spam featur veri good,['feature'],set(),[],"(3,)"
338,1.0,42.0,339.0,"I ain't no computer geek, but I can wrestle with the best of them.",ai not_no not_comput geek wrestl best,[],set(),[],"(0,)"
339,1.0,42.0,340.0,This program would not let me send Outlook Email or listen to Audible sample books online.,program not_let send outlook email listen audibl sampl book onlin,"['program', 'outlook', 'email']",{'audible'},['audible books'],"(-2,)"
340,1.0,42.0,341.0,I gave up trying to figure how to get my email sent or listen to streaming programs.,gave tri figur email sent listen stream program,"['program', 'email']",set(),[],"(0,)"
341,1.0,42.0,342.0,Buy this if you like mental challenges or trying how to pick locks.,buy like mental challeng tri pick lock,[],set(),[],"(-3,)"
342,1.0,42.0,343.0,For security buy Zone Alarm. It's a very friendly program.,secur buy zone alarm veri friend program,"['security program', 'security', 'program', 'alarm']",{'friendly'},['friendly program'],"(0,)"
343,1.0,43.0,344.0,I was begining to think I was computer-retarded after dealing with this program.,begin think comput retard deal program,"['computer program', 'program', 'computer']",set(),[],"(0,)"
344,1.0,43.0,345.0,I was using this on my 2001 Dell laptop (which worked fine until I upgraded to this junk!),use dell laptop work fine upgrad junk,"['work', 'laptop']",set(),[],"(0,)"
345,1.0,43.0,346.0,"I had much of the same problems that everyone else has listed (mainly the SLOOOOOOOOOW processor), and then I couldn't get the damn thing off my computer completely!",problem everyon els list main slooooooooow processor not_get damn thing comput complet,"['problems computer', 'thing', 'problems', 'computer']",{'damn'},['damn computer'],"(-3,)"
346,1.0,43.0,347.0,"I decided to give it one last chance... so I formatted my hard drive, reinstalled Windows XP (which also required a day & night download/install of SP2 on dial-up) and put NIS2004 back onto the computer.",decid chanc format hard drive reinstal window xp requir day night download instal sp2 dial nis2004 comput,"['windows', 'installation', 'drive', 'computer']",{'hard'},['hard windows'],"(0,)"
347,1.0,43.0,348.0,It locked during install and I had to reformat the drive and start from scratch (GRRRRRR!),lock dure instal reformat drive start scratch grrrrrr,"['installation', 'drive']",set(),[],"(-1,)"
348,1.0,43.0,349.0,"Blessedly, my DSL was installed just about this time and I set up a wireless network with my desktop.",bless dsl instal time set wireless network desktop,"['time', 'installation']",{'wireless'},['wireless network'],"(0,)"
349,1.0,43.0,350.0,"So when I reformatted for the third time, downloading SP2 took no time at all and the new XP was kind enough to even suggest other antivirus programs to try (it also listed Norton and McAffee).",reformat time download sp2 took not_tim new xp kind suggest antivirus program tri list norton mcaffe,"['program norton', 'antivirus program', 'norton antivirus', 'time', 'program', 'norton', 'antivirus']",{'new'},['new kind'],"(0,)"
350,1.0,43.0,351.0,I downloaded a trial version of Computer Associates EZ Firewall and Antivirus and fell in love with a computer security system all over again.,download trial version comput associ ez firewal antivirus fell love comput secur system,"['versions security', 'security system', 'firewall security', 'antivirus security', 'firewall antivirus', 'versions', 'system', 'security', 'firewall', 'computer', 'antivirus']",set(),[],"(1,)"
351,1.0,43.0,352.0,I can't recommend their programs enough.,not_recommend program,['program'],set(),[],"(0,)"
352,1.0,43.0,353.0,And I can't warn you enough to STAY AWAY FROM NORTON!!,not_warn stay away norton,['norton'],set(),[],"(-3,)"
353,1.0,44.0,354.0,I originally bought McAfee VirusScan 7 from Amazon.,origin bought mcafe virusscan amazon,"['mcafee', 'amazon']",set(),[],"(0,)"
354,1.0,44.0,355.0,"About a month ago, it had an error that I could not fix and the program would not update.",month ago error not_fix program not_upd,"['program', 'months', 'error']",set(),[],"(0,)"
355,1.0,44.0,356.0,"Even though I had 6+ months left on the McAfee subscription, I decided to move on and buy Norton Internet Security 2004 (NIS).",+ month left mcafe subscript decid buy norton internet secur nis,"['norton internet security', 'norton security', 'internet security', 'norton internet', 'subscription', 'security', 'norton', 'nis', 'months', 'mcafee', 'internet']",set(),[],"(0,)"
356,1.0,44.0,357.0,I did not have any of the installation problems that people highlighted here.,not_hav ani instal problem peopl highlight,"['installation problems', 'problems', 'people', 'installation']",set(),[],"(2,)"
357,1.0,44.0,358.0,I did remove all remnants of McAfee before installing and confirmed the Windows XP firewall was off.,remov remnant mcafe befor instal confirm window xp firewal,"['windows', 'mcafee', 'installation', 'firewall']",set(),[],"(0,)"
358,1.0,44.0,359.0,"It was immediately noticeable that NIS slows down my computer (Pent4, 256 RAM).",immedi notic nis slow comput pent4 ram,"['nis computer', 'nis', 'computer']",{'noticeable'},[],"(-2,)"
359,1.0,44.0,360.0,I think it is a combination of the program size taking up resources and the open/close scanning that it does with every program.,think combin program size resourc open close scan doe everi program,['program'],{'close'},[],"(-2, -1)"
360,1.0,44.0,361.0,Is it necessary to scan my MS Money database when I close the program?,necessari scan ms money databas close program,"['program', 'money']",{'close'},['close program'],"(-1,)"
361,1.0,44.0,362.0,I'm not sure how it would have been compromised by a virus.,m not_sur compromis virus,['virus'],{'not_sure'},[],"(0,)"
362,1.0,45.0,363.0,"I have a modern PC with lots of speed and memory, but this firewall just brought it to a halt.",modern pc lot speed memori firewal brought halt,"['pc', 'memory', 'lot', 'firewall']",{'modern'},['modern lots'],"(-3,)"
363,1.0,45.0,364.0,"Start up, log off, log on...everything became very slow.",start log log everyth becam veri slow,[],set(),[],"(-2,)"
364,1.0,45.0,365.0,Configuring it for a home network was almost impossible.,configur home network imposs,['home'],{'impossible'},[],"(-2,)"
365,1.0,45.0,366.0,Multiple users on one machine never seemed to behave like you'd expect.,multipl user machin not_seem behav like expect,['user'],set(),[],"(-3,)"
366,1.0,45.0,367.0,Avoid at all costs,avoid cost,['costs'],set(),[],"(0,)"
367,1.0,45.0,368.0,I just about lost it this morning with this software.,lost morn softwar,['software'],set(),[],"(0,)"
368,1.0,45.0,369.0,"While I was trying to play Half Life 2 it started popping up with ""alerts"" every twenty seconds (literally), warning me my antivirus protection was off.",tri play half life start pop alert everi twenti second liter warn antivirus protect,['antivirus'],{'half'},['half life'],"(-2,)"
369,1.0,45.0,370.0,But it wouldn't let me turn the AV protection back on and it wouldn't stop with the alerts.,not_let turn av protect not_stop alert,[],set(),[],"(-2,)"
370,1.0,45.0,371.0,"I had tried to uninstall Norton Internet Security a few weeks ago, and it wouldn't let me do that either.",tri uninstal norton internet secur week ago not_let,"['norton internet security', 'norton security', 'internet security', 'norton internet', 'security', 'norton', 'internet']",set(),[],"(-2,)"
371,1.0,45.0,372.0,"I tried it again this morning and it said I didn't have the required ""permissions"" and lacked proper administrator status.",tri morn said not_hav requir permiss lack proper administr status,[],set(),[],"(-1,)"
372,1.0,45.0,373.0,On my own home computer.,home comput,"['home computer', 'home', 'computer']",set(),[],"(0,)"
373,1.0,45.0,374.0,"Of course, if you try to reach Symantec customer service you get useless automated systems unless you want to pay $30 per incident.",cours tri reach symantec custom servic useless autom system want pay $ incid,"['system', 'symantec', 'service', 'customer']",{'useless'},['symantec service'],"(-3,)"
374,1.0,45.0,375.0,"Meanwhile, the damn alert is still popping up every 20 seconds.",meanwhil damn alert pop everi second,[],set(),[],"(0,)"
375,1.0,45.0,376.0,"Finally I ran msconfig and went into the ""services"" tab and unchecked every last Norton/Symantec ""service,"" then ran uninstall again.",final ran msconfig went servic tab uncheck everi norton symantec servic ran uninstal,"['symantec', 'service', 'norton']","{'uninstall', 'unchecked'}","['symantec service', 'norton service']","(0,)"
376,1.0,45.0,377.0,"This time, it started the uninstallation process, then I left for work. I think it will work. I hope it will work.",time start uninstal process left work think work hope work,"['work', 'time', 'process']",set(),[],"(-1,)"
377,1.0,45.0,378.0,"I simply hate Symantec. I swear, if I could have physically ripped that software out of my computer with my bare, bleeding hands, I would have.",simpli hate symantec swear physic rip softwar comput bare bleed hand,"['software computer', 'symantec', 'software', 'computer']",{'bare'},['symantec swear'],"(-3,)"
