,Product_ID,Review_ID,Sentence_ID,Sentence,Clean_Sentences,Frequent_Features,Classes,Opinion Words,Effective_Opinions,Infrequent_Features,sentiment_by_adjective_polarity
0,1.0,1.0,1.0,"I have read the installation instructions for both NIS 2004 and NAV 2004 prior to installation, but still ended up with the same result...junk software.",read instal instruct nis nav prior instal end result junk softwar,"['software', 'nis', 'instructions', 'installation']",-1,{'prior'},set(),['prior installation'],0
3,1.0,1.0,4.0,"It can not be the computer or the owner, since I purchased McAfee Anti-Virus 8 and it installs and works fine with no problems.",not_b comput owner sinc purchas mcafe anti virus instal work fine not_problem,"['work', 'virus', 'mcafee', 'installation', 'computer']",1,{'fine'},set(),['fine not_problems'],1
4,1.0,1.0,5.0,"I have used Norton for the past 5 years and for the last 2 years, the software has gotten more and more disgraceful.",use norton past year year softwar gotten disgrac,"['software', 'past', 'norton']",-1,{'disgraceful'},set(),['past software'],0
5,1.0,1.0,6.0,I am glad that I do not work for Norton.,glad not_work norton,['norton'],-1,{'glad'},set(),[],1
6,1.0,2.0,7.0,I have used Norton products in the past and I am familiar with them.,use norton product past familiar,"['product past', 'norton product', 'product', 'past', 'norton']",0,{'familiar'},set(),['norton products'],1
18,1.0,3.0,19.0,"As a loyal customer of Norton/Symantec products, I purchased Internet Security 2004 as a software firewall and could not be any more dissatisfied with the product (and hence the one star rating).",loyal custom norton symantec product purchas internet secur softwar firewal not_b ani dissatisfi product henc star rate,"['norton internet security', 'security software', 'norton security', 'norton product', 'software internet', 'internet security', 'norton internet', 'firewall internet', 'symantec', 'star', 'software', 'security', 'product', 'norton', 'internet', 'firewall', 'customer']",-1,"{'loyal', 'dissatisfied'}",set(),"['norton products', 'symantec products', 'dissatisfied rating']",1
22,1.0,4.0,23.0,The latest of Internet Security has antispam function that is helpful because I has received a mountain of those these days.,latest internet secur antispam function help becaus receiv mountain day,"['internet security', 'security', 'internet', 'help', 'antispam']",0,"{'latest', 'helpful'}",set(),"['latest function', 'helpful function']",1
24,1.0,4.0,25.0,But that is good for me because Symantec softwares are a bit hard to master for me who are not savvy on computers.,good becaus symantec softwar bit hard master not_savvi comput,"['software computer', 'symantec', 'software', 'computer']",1,"{'good', 'hard'}",set(),['symantec softwares'],1
26,1.0,5.0,27.0,Too bad the product is cumbersome and intertwined trying to do so much at one time.,bad product cumbersom intertwin tri time,"['time', 'product']",-1,"{'bad', 'cumbersome'}",set(),[],-1
30,1.0,6.0,31.0,"Perhaps Semantic could work out the efficiency a little, but these reviews are highly exagerated... I would ask what else these people are running on their computers(?)",perhap semant work effici littl review high exager ask els peopl run comput,"['work', 'reviews', 'people', 'computer']",1,"{'semantic', 'little'}",set(),['semantic efficiency'],-1
36,1.0,7.0,37.0,Even for computer super-heros it's a pain to maintain when there is a problem.,comput super hero pain maintain problem,"['problems computer', 'problems', 'computer']",0,{'super'},set(),['super pain'],1
37,1.0,8.0,38.0,I also reviewed Norton System Works 2004/Professional.,review norton system work profession,"['work', 'system', 'reviews', 'norton']",0,{'professional'},set(),['norton system'],1
39,1.0,8.0,40.0,"For purposes of clarity, here is my review from that product,edited to be appropriate for this product, since, for the most part, they share many of the same problems.",purpos clariti review product edit appropri product sinc share mani problem,"['product problems', 'reviews', 'product', 'problems', 'edition']",-1,{'appropriate'},set(),['appropriate problems'],1
41,1.0,8.0,42.0,This is the fourth version of SystemWorks and the second version of Internet Security that I have used and it has always been a favorite.,fourth version systemwork second version internet secur use alway favorit,"['systemworks internet security', 'versions security', 'systemworks security', 'versions internet', 'systemworks internet', 'internet security', 'versions', 'systemworks', 'security', 'internet']",1,"{'fourth', 'second'}",{'fourth'},['second version'],0
42,1.0,8.0,43.0,"It has saved my system on more than one occasion, and makes disc clean up a snap.",save system occas disc clean snap,['system'],0,{'clean'},{'more'},['clean snap'],1
43,1.0,8.0,44.0,"The antivirus feature is phenomenal, and is regularly updated.",antivirus featur phenomen regular updat,"['updates', 'feature', 'antivirus']",0,{'phenomenal'},set(),[],1
48,1.0,8.0,49.0,The biggest problem is the installation.,biggest problem instal,"['installation problems', 'problems', 'installation']",-1,{'biggest'},{'biggest'},['biggest installation'],0
50,1.0,8.0,51.0,"I've had to install and uninstall them four or five times so far, and I've not to get either product working properly.",ve instal uninstal time far ve not_to product work proper,"['work', 'time', 'product', 'installation']",-1,{'uninstall'},set(),['uninstall times'],0
59,1.0,8.0,60.0,"The next problem was that it didn't recognize all the installed components, so it would not update them, most notably and importantly, virus definitions.",problem not_recogn instal compon not_upd notabl import virus definit,"['installation problems', 'virus definitions', 'virus', 'problems', 'installation', 'definitions', 'components']",-1,set(),{'next'},[],0
60,1.0,8.0,61.0,"Without this important feature, both SystemWorks and Internet Security are all but useless.",import featur systemwork internet secur useless,"['systemworks internet security', 'systemworks security', 'systemworks internet', 'internet security', 'systemworks', 'security', 'internet', 'feature']",0,"{'important', 'useless'}",set(),[],-1
62,1.0,8.0,63.0,"Once installed, however, some of the functions do work OK (Disk Doctor, One Button Checkup, and WinDoctor).",onc instal howev function work ok disk doctor button checkup windoctor,"['work', 'installation']",1,{'ok'},set(),['ok button'],1
65,1.0,8.0,66.0,The other annoyance with this that you have to remove every single remnant of previous version of Norton SystemWorks before you installs this.,annoy remov everi singl remnant previous version norton systemwork befor instal,"['versions norton', 'versions', 'systemworks', 'norton', 'installation']",-1,"{'single', 'previous', 'remnant'}",{'previous'},['previous version'],-1
66,1.0,8.0,67.0,"Warning! The Windows ""remove program"" feature does not do a good job of this, and neither does Norton's own removal program.",warn window remov program featur doe not_do good job doe norton remov program,"['program norton', 'windows', 'program', 'norton', 'feature']",-1,{'good'},set(),['good job'],1
68,1.0,8.0,69.0,"Their website had a download that helped remove those, although I had to manually remove a good number of files from the ""Programs"" directory.",websit download help remov manual remov good number file program directori,"['website', 'program', 'number', 'help', 'files']",1,{'good'},{'good'},['good files'],1
69,1.0,8.0,70.0,"If you have an older version of ""Internet Security"" installed, you may also need to remove it as well before proceeding with SystemWorks install.",older version internet secur instal need remov befor proceed systemwork instal,"['systemworks internet security', 'versions security', 'systemworks security', 'versions internet', 'systemworks internet', 'internet security', 'versions', 'systemworks', 'security', 'internet', 'installation']",-1,{'older'},{'older'},['older security'],1
73,1.0,8.0,74.0,"As of October, 2004, these products are NOT working and I'm ready to demand a refund from Symantec.",octob product not_work m readi demand refund symantec,"['symantec', 'product']",-1,{'ready'},set(),[],1
74,1.0,8.0,75.0,I just uninstalled SystemWorks and Internet Security for at least the fifth time due to funtionality issues.,uninstal systemwork internet secur fifth time funtion issu,"['systemworks internet security', 'systemworks security', 'systemworks internet', 'internet security', 'time', 'systemworks', 'security', 'internet']",-1,{'fifth'},{'fifth'},['fifth time'],0
75,1.0,8.0,76.0,"Once again it won't reinstall, even with online and email assistance from Symantect Technicians.",onc wo not_reinstal onlin email assist symantect technician,['email'],-1,{'online'},set(),['online assistance'],0
76,1.0,8.0,77.0,"The best thing to do with this version, is to leave it on the store shelf. It doesn't work, and will cost you an enormous amount of your time, not to mention your hard earned dollars.",best thing version leav store shelf doe not_work cost enorm time not_to mention hard earn dollar,"['versions', 'time', 'thing', 'costs']",-1,"{'enormous', 'best'}",{'best'},"['enormous time', 'best version']",1
84,1.0,9.0,85.0,"The program brings more problems than a virus, albeit not as major problems, just not what you expect for 70 bucks.",program bring problem virus albeit not_a major problem not_what expect buck,"['virus', 'program', 'problems']",-1,{'major'},set(),['major problems'],1
87,1.0,10.0,88.0,"So I e-mailed the online tech support with that simple question, and got a reply which was totally unresponsive (it looked as though they didn't actually read the e-mail and just sent back a few boilerplate paragraphs).",e mail onlin tech support simpl question got repli total unrespons look not_actu read e mail sent boilerpl paragraph,"['tech support', 'tech', 'support']",-1,"{'unresponsive', 'online', 'simple'}",{'online'},['simple question'],0
88,1.0,10.0,89.0,"And, when you think about it, it's insulting that Norton requires its customers to jump through these hoops -- anyone who can provide proof of purchase, whether on the phone or online (what if your computer is down?), should have equal priority.",think insult norton requir custom jump hoop anyon provid proof purchas phone onlin comput equal prioriti,"['norton', 'customer', 'computer']",-1,{'equal'},set(),['equal priority'],0
89,1.0,10.0,90.0,"I may not be a computer expert but I am perfectly capable of following detailed instructions, and Norton just makes life way too hard.",not_b comput expert perfect capabl follow detail instruct norton life way hard,"['way', 'norton', 'instructions', 'computer']",0,"{'detailed', 'capable'}",set(),['detailed instructions'],1
90,1.0,10.0,91.0,"Plus, when Norton provided online updates, there were so many unexplained categories (about 15 over and above virus definitions)",plus norton provid onlin updat mani unexplain categori abov virus definit,"['virus definitions', 'virus', 'updates', 'norton', 'definitions']",0,"{'online', 'unexplained'}",set(),"['unexplained categories', 'online updates']",-1
96,1.0,11.0,97.0,If you want integrated Antivirus and Firewall this is what I'd suggest.,want integr antivirus firewal suggest,"['firewall antivirus', 'firewall', 'antivirus']",0,{'integrated'},{'integrated'},['integrated firewall'],0
97,1.0,11.0,98.0,Norton's memory usage on systems with 512 MB is very low.,norton memori usag system mb veri low,"['system', 'norton', 'memory']",1,{'low'},set(),['norton systems'],0
99,1.0,11.0,100.0,I just got an older 866 Mhz system with 512 PC 133 RAM and it also runs fine on that.,got older mhz system pc ram run fine,"['system', 'pc']",1,"{'older', 'fine'}",{'older'},['older mhz'],1
108,1.0,12.0,109.0,"I don't know what's happened to Norton, but 2004 is absolute garbage.",not_know happen norton absolut garbag,['norton'],-1,{'absolute'},set(),['norton garbage'],1
109,1.0,12.0,110.0,"Apparently, they can't even fix the bugs that have overrun their own site.",appar not_even fix bug overrun site,['site'],0,set(),{'own'},[],1
110,1.0,12.0,111.0,The customer support is pathetic.,custom support pathet,"['support', 'customer']",-1,{'pathetic'},set(),[],-1
111,1.0,13.0,112.0,I have found too many bugs in Norton Internet Security Professional to recommend it to any one without extreme patience and experience.,found mani bug norton internet secur profession recommend ani extrem patienc experi,"['norton internet security', 'norton security', 'internet security', 'norton internet', 'security', 'norton', 'internet', 'experience']",-1,"{'extreme', 'professional'}",set(),[],-1
114,1.0,14.0,115.0,"It is buggy, slow and basically frustrates the heck out of the user.",buggi slow basic frustrat heck user,['user'],-1,{'slow'},set(),[],-1
115,1.0,14.0,116.0,"I am an IT professional and have used Norton for years, but this product is a complete and utter dud.",profession use norton year product complet utter dud,"['norton product', 'product', 'norton']",-1,{'complete'},set(),['complete utter'],1
119,1.0,15.0,120.0,Nothing spectacular is done by internet security or by antivirus software.,noth spectacular internet secur antivirus softwar,"['antivirus internet security', 'security software', 'software internet', 'internet security', 'antivirus security', 'antivirus internet', 'software', 'security', 'internet', 'antivirus']",-1,{'spectacular'},set(),['spectacular software'],1
123,1.0,17.0,124.0,I have had Norton Internet Security for 3 yrs and up graded to 2004 versionin August 2004.,norton internet secur yrs grade versionin august,"['norton internet security', 'norton security', 'internet security', 'norton internet', 'security', 'norton', 'internet']",0,{'versionin'},set(),[],0
125,1.0,17.0,126.0,Im at full capacity!!!! I called Symantic and they said they don't know why but I should get Tech's Support at $35/hr to help!! I did call them and was on hold for 55 minutes untill I hung up!,m capac symant said not_know whi tech support $ hr help hold minut hung,"['tech support', 'tech minutes', 'tech', 'support', 'minutes', 'help']",-1,{'symantic'},set(),[],0
129,1.0,18.0,130.0,"There is little meaningful difference between the two versions aside from the tedius activation process, and the product is currently rather buggy and has problems running unless cleanly installed on a formatted drive.",littl meaning differ version asid tedius activ process product current buggi problem run clean instal format drive,"['product problems', 'installation problems', 'versions', 'product', 'process', 'problems', 'installation', 'drive']",-1,"{'meaningful', 'little', 'formatted'}",{'formatted'},['meaningful versions'],1
130,1.0,18.0,131.0,"If you are new to the market and looking to buy a symantec software product, save yourself some money and buy the 2003 version.",new market look buy symantec softwar product save money buy version,"['versions', 'symantec', 'software', 'product', 'money']",-1,{'new'},set(),['symantec product'],1
133,1.0,19.0,134.0,"From day one, we've had hangups, crashes, glitches, continual reboots, LONG shutdowns due to ""ccApp.exe"" program running which is a Norton program.",day ve hangup crash glitch continu reboot long shutdown ccapp.ex program run norton program,"['program norton', 'program', 'norton']",-1,"{'continual', 'long'}",set(),['long shutdowns'],-1
134,1.0,19.0,135.0,Long reboots due to Norton taking FOREVER  to boot.,long reboot norton forev     boot,['norton'],-1,{'long'},set(),[],-1
135,1.0,19.0,136.0,"We constantly got ""Windows Virtual Memory Low"" error messages popping up follwed by ridiculous slowdowns and/or crashes.",constant got window virtual memori low error messag pop follw ridicul slowdown and/or crash,"['windows', 'memory', 'error']",-1,"{'ridiculous', 'follwed', 'virtual', 'low'}",set(),[],-1
136,1.0,19.0,137.0,I don't have one good thing to say.,not_hav good thing,['thing'],0,"{'not_have', 'good'}",{'good'},[],1
138,1.0,19.0,139.0,Norton online support does not even acknowledge this problem nor does the computer company that preloaded it on our new computer.,norton onlin support doe not_even acknowledg problem doe comput compani preload new comput,"['norton problems', 'problems computer', 'support', 'problems', 'norton', 'computer', 'company']",-1,"{'online', 'new'}",{'online'},"['new computer', 'online support']",1
142,1.0,19.0,143.0,Norton support is completely pathetic.,norton support complet pathet,"['support', 'norton']",-1,{'pathetic'},set(),['pathetic support'],-1
145,1.0,19.0,146.0,We'd used Norton products like Internet Security 2003 forever with only rare troubles.,use norton product like internet secur forev onli rare troubl,"['norton internet security', 'norton security', 'norton product', 'internet security', 'norton internet', 'security', 'product', 'norton', 'internet']",0,{'rare'},set(),"['norton products', 'rare troubles']",1
148,1.0,19.0,149.0,I hope it's better than this hunk of junk Internet/AV 2004 package.,hope better hunk junk internet av packag,"['package', 'internet']",0,{'better'},set(),[],1
154,1.0,19.0,155.0,We were able to obtain a Norton Corporate Edition of Antivirus only (no firewall or utilities) and so far it's great.,abl obtain norton corpor edit antivirus onli not_firewal util far great,"['norton antivirus', 'norton', 'edition', 'antivirus']",1,"{'corporate', 'great'}",set(),"['corporate edition', 'norton edition']",1
155,1.0,19.0,156.0, I've used the Corporate edition at work without any problems ever.,    ve use corpor edit work ani problem,"['work problems', 'work', 'problems', 'edition']",1,{'corporate'},set(),['corporate edition'],0
157,1.0,19.0,158.0,"If we had been unable to obtain the Corporate edition, we would NOT have purchased another Norton 2004 or 2005 home version anything.",unabl obtain corpor edit not_hav purchas anoth norton home version anyth,"['versions norton', 'home versions', 'home norton', 'versions', 'norton', 'home', 'edition']",-1,"{'corporate', 'unable'}",set(),['corporate edition'],-1
160,1.0,19.0,161.0,"Our Norton Internet/AV 2004 was terrible right from the get go, so I'd think that if SytemWorks is ok now, it should remain ok.",norton internet av terribl right think sytemwork ok remain ok,"['norton internet', 'norton', 'internet']",-1,"{'ok', 'terrible'}",set(),[],-1
163,1.0,19.0,164.0,"By the way, I use the Norton 2003 Corporate at work with absolutely no trouble.",way use norton corpor work absolut not_troubl,"['work', 'way', 'norton']",1,{'corporate'},{'corporate'},['norton work'],0
164,1.0,19.0,165.0,"Likewise, I've heard Norton 2004 PROFESSIONAL version is fine too.",likewis ve heard norton profession version fine,"['versions norton', 'versions', 'norton']",1,"{'professional', 'fine'}",{'professional'},['professional version'],1
169,1.0,20.0,170.0,"I am an advanced computer user, so I cannot even imagine how a new or novice user would ever get this terrible program to work!",advanc comput user not_even imagin new novic user terribl program work,"['computer program', 'work', 'user', 'program', 'computer']",-1,"{'new', 'terrible', 'advanced'}","{'terrible', 'advanced'}",['terrible work'],-1
170,1.0,20.0,171.0,"After installing, the system froze trying to restart (this is a new computer with Windows XP Home).",instal system froze tri restart new comput window xp home,"['home computer', 'windows', 'system', 'installation', 'home', 'computer']",0,{'new'},set(),['new windows'],1
178,1.0,20.0,179.0,"After a recent update, I can no longer open more then 1 browser window.",recent updat not_long open browser window,"['windows', 'updates']",-1,{'recent'},set(),['recent update'],0
179,1.0,20.0,180.0,I've searched the program and their online tech support (worthless) and have found no solutions.,ve search program onlin tech support worthless found not_solut,"['tech support', 'tech', 'support', 'program']",-1,{'worthless'},"{'worthless', 'online'}",[],-1
180,1.0,20.0,181.0,"Again, I tried online email support.",tri onlin email support,"['support', 'email']",0,{'online'},{'online'},['online support'],0
182,1.0,20.0,183.0,I use the program like most other people - in DISABLED mode.,use program like peopl disabl mode,"['program', 'people']",0,{'disabled'},set(),['disabled mode'],-1
183,1.0,20.0,184.0,Eventually I will uninstall this troublesome bug-filled program.,eventu uninstal troublesom bug fill program,['program'],0,{'troublesome'},"{'filled', 'troublesome'}",[],1
191,1.0,23.0,192.0,Norton pops up a window about the intrusions and gives me as much detail as possible about where the intrusion is coming from.,norton pop window intrus detail possibl intrus come,"['windows', 'norton']",1,{'possible'},set(),['possible intrusion'],0
192,1.0,23.0,193.0,The popup blocker and anti-spam are bonuses.,popup blocker anti spam bonus,['popup'],1,{'anti'},set(),[],0
193,1.0,24.0,194.0,"Product is OK; however, despite the fact that I followed the rebate instructions explicitly, I am being denied the rebate because the processing agency incorrectly claims I did not send in proof of ownership of a previous product.",product ok howev despit fact follow rebat instruct explicit deni rebat becaus process agenc incorrect claim not_send proof ownership previous product,"['product', 'process', 'instructions']",0,{'previous'},set(),[],-1
196,1.0,25.0,197.0,"The only problem I had was a few components didn't quite load correctly upon startup, but a reboot fixed the problem.",onli problem compon not_quit load correct startup reboot fix problem,"['problems', 'components']",-1,set(),{'only'},[],0
197,1.0,25.0,198.0,"I had NIS 2003 and was very happy with it; this new version really doesn't seem to offer a lot of exciting new features, seems merely the same as 2003 dressed-up to look like a new version.",nis veri happi new version realli doe not_seem offer lot excit new featur mere dress look like new version,"['versions', 'nis', 'lot', 'feature']",0,"{'exciting', 'new'}",{'new'},"['exciting features', 'new version']",1
199,1.0,25.0,200.0,I give it 4-stars only because the installation process - or rather problems that may surface during the installation process - can be frustrating to the average computer user.,star onli becaus instal process problem surfac dure instal process frustrat averag comput user,"['installation problems', 'problems computer', 'user', 'star', 'process', 'problems', 'installation', 'computer']",-1,"{'frustrating', 'average'}",{'average'},['frustrating user'],-1
200,1.0,25.0,201.0,"If you experience problems with installation, you can visit symantec's website, click the support tab, click the 'home or home office support' and there is an automated support assistant that can scan the Norton program files on your computer and it will tell you what is not working right and how to fix it.",experi problem instal visit symantec websit click support tab click home home offic support autom support assist scan norton program file comput tell not_work right fix,"['program norton', 'norton problems', 'installation problems', 'home norton', 'computer program', 'problems computer', 'home computer', 'website', 'symantec', 'support', 'program', 'problems', 'norton', 'installation', 'home', 'files', 'experience', 'computer']",-1,{'right'},set(),"['symantec website', 'right fix']",1
203,1.0,25.0,204.0,"I already knew something was wrong, because much of the Spam I've seen in the past six months was from resellers of Norton products.",alreadi knew someth wrong becaus spam ve seen past month resel norton product,"['product past', 'norton product', 'product', 'past', 'norton', 'months']",-1,{'wrong'},set(),"['norton products', 'past months']",-1
204,1.0,25.0,205.0,For Norton to encourage Spammers by letting them sell their products is a very bad sign.,norton encourag spammer let sell product veri bad sign,"['norton product', 'product', 'norton']",0,{'bad'},set(),['bad sign'],-1
206,1.0,26.0,207.0,Mine installed no problem (but I DID uninstall my Norton Anti-Virus 2002 & Personal Firewall 2002 first).,instal not_problem uninstal norton anti virus person firewal,"['virus', 'norton', 'installation', 'firewall']",1,{'personal'},set(),['personal firewall'],0
209,1.0,27.0,210.0,I had Norton Internet Security 2003 and it worked great...one of the features that I liked was the user interface as well as the ad/pop-up blocking feature along w/the logs on internet usage.,norton internet secur work great featur like user interfac ad pop block featur w log internet usag,"['norton internet security', 'norton security', 'internet security', 'norton internet', 'work', 'user', 'security', 'norton', 'internet', 'feature']",0,{'great'},set(),['great features'],1
210,1.0,27.0,211.0,"I read many reviews on Norton I.S. 2004 from a variety of sources (Cnet, Amazon, message boards) and came to the conclusion that NIS 04 was a terrible product and not worth the update.",read mani review norton i.s . varieti sourc cnet amazon messag board came conclus nis terribl product not_worth updat,"['norton product', 'updates', 'reviews', 'product', 'norton', 'nis', 'amazon']",-1,set(),{'terrible'},[],-1
212,1.0,27.0,213.0,There was a Verisign problem that conflicted w/Word and Excel and was posted on the Symantec site that affected computers.,verisign problem conflict w word excel post symantec site affect comput,"['problems computer', 'symantec', 'site', 'problems', 'computer']",0,{'verisign'},{'verisign'},['symantec site'],0
215,1.0,27.0,216.0,All of a sudden everything that reviewers were writing about NIS 2004 was happening to my computer.,sudden everyth review write nis happen comput,"['nis computer', 'reviews', 'nis', 'computer']",0,{'sudden'},set(),['sudden reviewers'],0
218,1.0,27.0,219.0,My file log was not responding and the program was not blocking any cookies or unauthorized sites.,file log not_respond program not_block ani cooki unauthor site,"['site', 'program', 'files']",-1,{'unauthorized'},set(),['unauthorized program'],0
219,1.0,27.0,220.0,After extensive researching on the Symantec site I broke down and called Symantec.,extens research symantec site broke symantec,"['symantec', 'site']",0,{'extensive'},set(),['symantec site'],0
220,1.0,27.0,221.0,"Again, every review written about the Tech Line is true...after waiting close to 45 minutes I finally spoke to a rep.",everi review written tech line true wait close minut final spoke rep,"['rep tech', 'tech minutes', 'tech', 'reviews', 'minutes']",-1,"{'close', 'true'}",set(),['close minutes'],1
223,1.0,27.0,224.0,They sent me a link to their website to follow instructions on ridding my registry of all Symantec products so I could get a clean re-install.,sent link websit follow instruct rid registri symantec product clean instal,"['website', 'symantec', 'registry', 'product', 'instructions', 'installation']",0,{'clean'},set(),['symantec products'],1
226,1.0,27.0,227.0,I did it and it was worse the second time around...unbelievable.,wors second time unbeliev,['time'],-1,"{'second', 'unbelievable', 'worse'}",{'second'},[],-1
233,1.0,28.0,234.0,"Although I disabled Norton AntiSpam, it is still there.",disabl norton antispam,"['norton', 'antispam']",-1,{'disabled'},set(),['norton antispam'],-1
234,1.0,28.0,235.0,"Every time I start Eudora, a message from AntiSpam pops up telling me that COM automation needs to be turned on for it to run properly.",everi time start eudora messag antispam pop tell com autom need turn run proper,"['time', 'antispam']",0,{'run'},set(),[],0
240,1.0,28.0,241.0,"Next, the big reason not to buy ANY Norton product:  If there's a problem with it, Norton charges $30 to even tell them about it.",big reason not_to buy ani norton product     problem norton charg $ tell,"['product problems', 'norton product', 'norton problems', 'product', 'problems', 'norton']",-1,{'big'},set(),['norton product'],0
246,1.0,30.0,247.0,The problems I had installing Norton extended way beyond what Symantec should reasonably expect the public to deal with.,problem instal norton extend way symantec reason expect public deal,"['norton problems', 'installation problems', 'way', 'symantec', 'problems', 'norton', 'installation']",-1,"{'public', 'extended'}",{'extended'},['extended way'],0
248,1.0,31.0,249.0,This is a very full featured product.,veri featur product,"['product', 'feature']",0,set(),{'full'},[],1
252,1.0,32.0,253.0,"I downloaded this set from Norton, and within minutes my Internet connection failed and my PC was almost dead due to registry problems from the download.",download set norton minut internet connect fail pc dead registri problem download,"['norton problems', 'pc internet', 'norton internet', 'registry', 'problems', 'pc', 'norton', 'minutes', 'internet']",-1,{'dead'},set(),['dead problems'],-1
255,1.0,32.0,256.0,Their site offers no live help at all.,site offer not_liv help,"['site', 'help']",-1,{'not_live'},{'not live'},['not_live help'],-1
256,1.0,32.0,257.0,"I tried to call Norton, and the only numbers they list on their sites are either for Non-tech Customer Service (tried this one and hung up after 75 minute of MUZAC) or they have a $30 tech-support number.",tri norton onli number list site non tech custom servic tri hung minut muzac $ tech support number,"['tech support', 'tech minutes', 'tech', 'support', 'site', 'service', 'number', 'norton', 'minutes', 'customer']",-1,{'hung'},set(),"['hung minute', 'norton numbers']",0
258,1.0,32.0,259.0,"I finally got a free support number for Norton through my ISP support staff, but waited an hour or more for a voice.",final got free support number norton isp support staff wait hour voic,"['support', 'number', 'norton', 'hours']",-1,{'free'},{'free'},"['free staff', 'norton isp']",1
259,1.0,32.0,260.0,"They said they would refund all the money, but a month later, they tell me now the back-up disc is not refundable as its cost is purely handling and shipping - $15 to ""handle"" and ship a CD? --and they have been indignant and combative on the phone and in emails.",said refund money month later tell disc not_refund cost pure handl ship $ handl ship cd --and indign combat phone email,"['months', 'money', 'email', 'costs']",-1,"{'not_refundable', 'indignant', 'combative'}",set(),['not_refundable cost'],0
260,1.0,32.0,261.0,This is a terrible company with a bad product and awful support.,terribl compani bad product aw support,"['support', 'product', 'company']",-1,"{'bad', 'terrible', 'awful'}","{'bad', 'awful'}",['awful support'],-1
261,1.0,32.0,262.0,"After 10 years, I now downloaded McCaffee's product after calling their support....they answered quickly, and for free, and were very helpful.",year download mccaffe product support answer quick free veri help,"['support', 'product', 'help']",-1,"{'free', 'helpful'}",set(),[],1
262,1.0,32.0,263.0,"No problems now, just a sickly disappointment in the way Norton has abandoned thier customers.",not_problem sick disappoint way norton abandon thier custom,"['way', 'norton', 'customer']",-1,{'sickly'},set(),['sickly disappointment'],-1
266,1.0,32.0,267.0,"It's a highly rated, KICK ASS firewall program that's bundled with the venerable Norton AntiVirus, plus extras (like Norton AntiSpam & Norton Parental Control) that make this security suite a must-have for people who have broadband internet access.",high rate kick ass firewal program bundl vener norton antivirus plus extra like norton antispam norton parent control secur suit peopl broadband internet access,"['norton internet security', 'norton antivirus security', 'antivirus internet security', 'norton antivirus internet', 'security program', 'norton security', 'program norton', 'internet security', 'internet program', 'norton internet', 'firewall internet', 'antivirus security', 'antivirus program', 'norton antivirus', 'antivirus internet', 'firewall antivirus', 'security', 'program', 'people', 'norton', 'internet', 'firewall', 'antivirus', 'antispam']",1,"{'venerable', 'parental'}",{'venerable'},"['norton suite', 'parental control']",0
267,1.0,32.0,268.0,Detractors should spend more time actually customizing the program to meet their needs instead of being lazy & complaining just for the hell of it.,detractor spend time actual custom program meet need instead lazi complain hell,"['time program', 'time', 'program', 'customer']",0,{'lazy'},{'more'},[],1
270,1.0,33.0,271.0,"If you are already using a previous version of nortron security and unistalled it to install the new version, you will still have all kind of problems in installing the new version on your system!",alreadi use previous version nortron secur unistal instal new version kind problem instal new version system,"['versions security', 'security system', 'installation problems', 'versions', 'system', 'security', 'problems', 'installation']",-1,"{'previous', 'new'}",{'previous'},[],-1
271,1.0,33.0,272.0,It seems like Symantec did a lousy job on this version.,like symantec lousi job version,"['versions', 'symantec']",0,{'lousy'},set(),['symantec version'],-1
272,1.0,33.0,273.0,"Luckly,with 3 rebates this product will cost me nothing! it is indeed worth nothing.",luck rebat product cost noth inde worth noth,"['product', 'costs']",1,{'luckly'},set(),['luckly rebates'],0
273,1.0,33.0,274.0,"To install that version you have to uninstall from the window registery anything called Symantec or Nortron,... also from the common files in the program folder the symantec folder has to be deleted.",instal version uninstal window registeri anyth symantec nortron common file program folder symantec folder delet,"['windows', 'versions', 'symantec', 'program', 'installation', 'folder', 'files']",-1,{'common'},set(),"['symantec nortron', 'symantec folder']",-1
274,1.0,33.0,275.0,"If you got stuck do what I did,search for any folder called symantec and delete it! then install that program(assuming you know what you are doing).",got stuck search ani folder symantec delet instal program(assum know,"['symantec', 'installation', 'folder']",0,"{'delete', 'stuck'}",set(),['symantec install'],0
275,1.0,33.0,276.0,"If you have no previous version of  nortron security on your system, or Nortron Antivirus, the installation will go fine, otherwise dig in and in to do a major registery clean up!the old programs will leave a trace that will mess up the new installation, even if you uninstalled the old programs perfectly.",not_previ version     nortron secur system nortron antivirus instal fine otherwis dig major registeri clean up!th old program leav trace mess new instal uninstal old program perfect,"['versions security', 'security system', 'security program', 'antivirus security', 'antivirus program', 'versions', 'system', 'security', 'program', 'installation', 'antivirus']",-1,"{'major', 'not_previous', 'new', 'old', 'fine', 'clean'}",{'not previous'},[],1
277,1.0,33.0,278.0,I've tried the free versions of zone alarm and the free version of sygate and they both have a nice and easy installation and work great!.,ve tri free version zone alarm free version sygat nice easi instal work great,"['work', 'versions', 'installation', 'alarm']",1,"{'nice', 'easy', 'great', 'free'}",{'free'},['free version'],1
282,1.0,34.0,283.0,"THEN all of a sudden when I restarted my pc, I couldn't get to anything in IE.",sudden restart pc not_get anyth ie,['pc'],0,{'sudden'},set(),['sudden not_get'],0
286,1.0,34.0,287.0,The only free help you get is in renewing your subscription!,onli free help renew subscript,"['subscription', 'help']",1,{'free'},"{'only', 'free'}",[],1
287,1.0,34.0,288.0,The only way my pc internet works is if I open the Firewall Program configuration and manually refresh it.,onli way pc internet work open firewal program configur manual refresh,"['internet program', 'pc internet', 'firewall internet', 'work', 'way', 'program', 'pc', 'internet', 'firewall']",-1,set(),{'only'},[],0
292,1.0,35.0,293.0,"I read how the buyers of this product watched their computers turn into processing sloths, bought a copy and watched my 2.4 Gig XP Pro processor slow down below the level of my 750 Meg 2000Pro laptop!",read buyer product watch comput turn process sloth bought copi watch 2.4 gig xp pro processor slow level meg 2000pro laptop,"['product', 'process', 'laptop', 'computer']",0,"{'pro', 'slow'}",{'2000pro'},"['slow level', 'pro level']",-1
293,1.0,35.0,294.0,At the same time I bought PC-Cillin for the laptop and what a slick product!,time bought pc cillin laptop slick product,"['time', 'product', 'pc', 'laptop']",0,{'slick'},"{'slick', 'same'}",['slick product'],-1
294,1.0,35.0,295.0,"So now, when we type, half the time the XP Pro 2.4 Gig PC lags behind the input, sometime by 10 characters!",type half time xp pro 2.4 gig pc lag input sometim charact,"['time', 'pc']",0,{'half'},set(),['half time'],-1
299,1.0,36.0,300.0,"No more banner ads, pop-ups, and the reliable antivirus.",not_mor banner ad pop reliabl antivirus,['antivirus'],1,{'reliable'},{'reliable'},[],0
300,1.0,36.0,301.0,"I work on word, explorer, netscape, acrobat reader, photoshop at same time (meaning using a lot of memory), but still dont see a problem with computer (getting slow or crashing).",work word explor netscap acrobat reader photoshop time mean use lot memori nt problem comput slow crash,"['work problems', 'problems computer', 'work', 'time', 'problems', 'memory', 'lot', 'computer']",1,{'slow'},{'same'},[],-1
302,1.0,36.0,303.0,This product is way cooler than anything Ive used before (PcCillins and McCafees and Norton Antivirus alone).,product way cooler anyth ve use befor pccillin mccafe norton antivirus alon,"['norton product', 'norton antivirus', 'way', 'product', 'norton', 'antivirus']",1,{'cooler'},set(),[],0
305,1.0,37.0,306.0,All in all it hasn't been a bad product.,not_been bad product,['product'],1,{'bad'},{'bad'},[],-1
306,1.0,37.0,307.0,"However, Symantec has taken a significant turn for the worse with this release.",howev symantec taken signific turn wors releas,['symantec'],-1,"{'significant', 'worse'}",set(),['significant turn'],-1
307,1.0,38.0,308.0,"While it has a rather effective firewall, and comes with Norton Antivirus (which I'm actually rather fond of), the Security Suite has significantly slowed down my system.",effect firewal come norton antivirus m actual fond secur suit signific slow system,"['norton antivirus security', 'security system', 'norton security', 'antivirus security', 'norton antivirus', 'firewall antivirus', 'system', 'security', 'norton', 'firewall', 'antivirus']",0,"{'fond', 'effective'}",set(),"['fond suite', 'effective firewall']",1
313,1.0,39.0,314.0,"I upgraded from NIS 2003, and the change in performance has not been noticeable.",upgrad nis chang perform not_been notic,['nis'],1,{'noticeable'},set(),['noticeable not_been'],0
315,1.0,39.0,316.0,It works better and has more useful features than NIS 2003.,work better use featur nis,"['work', 'nis', 'feature']",1,{'useful'},set(),['useful features'],1
316,1.0,40.0,317.0,I bought this product after reading the Editor's Choice article at PC Magazine and had a great experience with Amazon (as usual).,bought product read editor choic articl pc magazin great experi amazon usual,"['product', 'pc', 'experience', 'amazon']",0,"{'great', 'usual'}",set(),['great experience'],1
318,1.0,40.0,319.0,I was upgrading from a version of Norton Anti-virus that was about a year old in order to get spam and pop-up control.,upgrad version norton anti virus year old order spam pop control,"['versions norton', 'virus', 'versions', 'norton']",0,{'old'},set(),['old order'],1
319,1.0,40.0,320.0,My previous experience with multiple Symantec/Norton products has been good.,previous experi multipl symantec norton product good,"['norton product', 'symantec', 'product', 'norton', 'experience']",0,"{'good', 'previous', 'multiple'}",set(),"['norton products', 'symantec products']",1
320,1.0,40.0,321.0,"The installation, set-up, and operating interfaces are well organized and intuitive and the email spam component works well.",instal set oper interfac organ intuit email spam compon work,"['work', 'installation', 'email', 'components']",1,{'intuitive'},set(),['intuitive component'],0
321,1.0,40.0,322.0,"HOWEVER, I AM VERY DISAPPOINTED WITH THIS PRODUCT AND WITH SYMANTEC.",howev veri disappoint product symantec,"['symantec', 'product']",-1,{'disappointed'},set(),['disappointed symantec'],-1
322,1.0,40.0,323.0,"It feels like I'm back to the days of 56k dial-up internet service, even though I'm running a Dell 2GHz Pentium 4 with 256MB memory and have had excellent broadband service for the past year.",feel like m day 56k dial internet servic m run dell 2ghz pentium mb memori excel broadband servic past year,"['service', 'past', 'memory', 'internet']",-1,{'excellent'},set(),['excellent service'],1
324,1.0,40.0,325.0,There is absolutely nothing useful at the Symantec/Norton site.,absolut noth use symantec norton site,"['symantec', 'site', 'norton']",-1,{'useful'},set(),"['norton site', 'symantec site']",1
325,1.0,40.0,326.0,I am going to uninstall this and stick with my old version until they offer a fix or until I can find a program from another vendor.,uninstal stick old version offer fix find program anoth vendor,"['versions', 'program']",0,"{'uninstall', 'old'}",{'old'},['old offer'],1
327,1.0,40.0,328.0,"However, I suspect that many people are having a bad experience -- DO NOT PURCHASE THIS PRODUCT.",howev suspect mani peopl bad experi not_purchas product,"['product', 'people', 'experience']",-1,{'bad'},set(),['bad experience'],-1
328,1.0,41.0,329.0,PIII 1Ghz 512MB RDRAM Windows XP Pro 80GB HD  I was able to Uninstall NIS 2003 and Install NIS 2004 with no trouble.,piii 1ghz mb rdram window xp pro gb hd     abl uninstal nis instal nis not_troubl,"['windows', 'nis', 'installation']",1,{'able'},set(),[],1
330,1.0,41.0,331.0,Then I disabled both Norton Antivirus and Norton Internet Security.,disabl norton antivirus norton internet secur,"['norton internet security', 'norton antivirus security', 'antivirus internet security', 'norton antivirus internet', 'norton security', 'internet security', 'norton internet', 'antivirus security', 'norton antivirus', 'antivirus internet', 'security', 'norton', 'internet', 'antivirus']",0,{'disabled'},set(),[],-1
333,1.0,41.0,334.0,"After that was complete, I deleted the Norton Antivirus and Norton Internet Security folders left in the ""Programs"" section of Windows XP.",complet delet norton antivirus norton internet secur folder left program section window xp,"['norton internet security', 'norton antivirus security', 'antivirus internet security', 'norton antivirus internet', 'security program', 'norton security', 'program norton', 'internet security', 'internet program', 'norton internet', 'antivirus security', 'antivirus program', 'norton antivirus', 'antivirus internet', 'windows', 'security', 'program', 'norton', 'internet', 'folder', 'antivirus']",0,{'complete'},set(),['complete folders'],1
334,1.0,41.0,335.0,Next I de-fragged my hard drive.,de frag hard drive,['drive'],0,{'hard'},{'hard'},[],-1
335,1.0,41.0,336.0,"I did not use the Rnis.exe, since I have WinFax Pro on my system. I did not touch the Windows Registry, for the same reason.",not_us rnis.ex sinc winfax pro system not_touch window registri reason,"['windows', 'system', 'registry']",0,"{'winfax', 'not_touch', 'not_use', 'pro'}",set(),[],0
336,1.0,41.0,337.0,"I installed, activated and registered NIS 2004 without issue.",instal activ regist nis issu,"['nis', 'installation']",1,set(),{'activated'},[],0
339,1.0,42.0,340.0,This program would not let me send Outlook Email or listen to Audible sample books online.,program not_let send outlook email listen audibl sampl book onlin,"['program', 'outlook', 'email']",-1,{'audible'},set(),['audible books'],0
342,1.0,42.0,343.0,For security buy Zone Alarm. It's a very friendly program.,secur buy zone alarm veri friend program,"['security program', 'security', 'program', 'alarm']",0,{'friendly'},{'friendly'},['friendly program'],1
345,1.0,43.0,346.0,"I had much of the same problems that everyone else has listed (mainly the SLOOOOOOOOOW processor), and then I couldn't get the damn thing off my computer completely!",problem everyon els list main slooooooooow processor not_get damn thing comput complet,"['problems computer', 'thing', 'problems', 'computer']",-1,{'damn'},{'damn'},['damn computer'],0
346,1.0,43.0,347.0,"I decided to give it one last chance... so I formatted my hard drive, reinstalled Windows XP (which also required a day & night download/install of SP2 on dial-up) and put NIS2004 back onto the computer.",decid chanc format hard drive reinstal window xp requir day night download instal sp2 dial nis2004 comput,"['windows', 'installation', 'drive', 'computer']",0,{'hard'},{'hard'},['hard windows'],-1
348,1.0,43.0,349.0,"Blessedly, my DSL was installed just about this time and I set up a wireless network with my desktop.",bless dsl instal time set wireless network desktop,"['time', 'installation']",0,{'wireless'},set(),['wireless network'],0
349,1.0,43.0,350.0,"So when I reformatted for the third time, downloading SP2 took no time at all and the new XP was kind enough to even suggest other antivirus programs to try (it also listed Norton and McAffee).",reformat time download sp2 took not_tim new xp kind suggest antivirus program tri list norton mcaffe,"['time program', 'program norton', 'antivirus program', 'norton antivirus', 'time', 'program', 'norton', 'antivirus']",0,{'new'},{'third'},['new kind'],1
358,1.0,44.0,359.0,"It was immediately noticeable that NIS slows down my computer (Pent4, 256 RAM).",immedi notic nis slow comput pent4 ram,"['nis computer', 'nis', 'computer']",-1,{'noticeable'},set(),[],0
359,1.0,44.0,360.0,I think it is a combination of the program size taking up resources and the open/close scanning that it does with every program.,think combin program size resourc open close scan doe everi program,['program'],-1,{'close'},set(),[],0
360,1.0,44.0,361.0,Is it necessary to scan my MS Money database when I close the program?,necessari scan ms money databas close program,"['program', 'money']",-1,{'close'},set(),['close program'],0
361,1.0,44.0,362.0,I'm not sure how it would have been compromised by a virus.,m not_sur compromis virus,['virus'],0,{'not_sure'},set(),[],0
362,1.0,45.0,363.0,"I have a modern PC with lots of speed and memory, but this firewall just brought it to a halt.",modern pc lot speed memori firewal brought halt,"['pc', 'memory', 'lot', 'firewall']",-1,{'modern'},{'modern'},['modern lots'],1
364,1.0,45.0,365.0,Configuring it for a home network was almost impossible.,configur home network imposs,['home'],-1,{'impossible'},set(),[],-1
368,1.0,45.0,369.0,"While I was trying to play Half Life 2 it started popping up with ""alerts"" every twenty seconds (literally), warning me my antivirus protection was off.",tri play half life start pop alert everi twenti second liter warn antivirus protect,['antivirus'],-1,{'half'},set(),['half life'],-1
373,1.0,45.0,374.0,"Of course, if you try to reach Symantec customer service you get useless automated systems unless you want to pay $30 per incident.",cours tri reach symantec custom servic useless autom system want pay $ incid,"['system', 'symantec', 'service', 'customer']",-1,{'useless'},set(),['symantec service'],-1
375,1.0,45.0,376.0,"Finally I ran msconfig and went into the ""services"" tab and unchecked every last Norton/Symantec ""service,"" then ran uninstall again.",final ran msconfig went servic tab uncheck everi norton symantec servic ran uninstal,"['symantec', 'service', 'norton']",0,"{'uninstall', 'unchecked'}",set(),"['norton service', 'symantec service']",0
377,1.0,45.0,378.0,"I simply hate Symantec. I swear, if I could have physically ripped that software out of my computer with my bare, bleeding hands, I would have.",simpli hate symantec swear physic rip softwar comput bare bleed hand,"['software computer', 'symantec', 'software', 'computer']",-1,{'bare'},set(),['symantec swear'],1
